Year,Month,Segment,City,KPI, Value 
2021,1,Clients,Unknown,Lv1_Visitors,"30,71,671"
2021,1,Clients,Unknown,Lv2_Visitors,"26,99,883"
2021,1,Clients,Unknown,Lv3_Visitors,"13,09,450"
2021,1,Clients,Unknown,Lv4_Visitors,
2021,1,Clients,Unknown,Lv3_Visitors,"7,16,922"
2021,1,Clients,Unknown,Lv5_Visitors,"2,66,907"
2021,1,Clients,Unknown,Lv4_Visitors,"1,89,869"
2021,1,Clients,Unknown,Lv5_Visitors,"84,718"
2022,1,Clients,Unknown,Lv1_Visitors,"35,52,624"
2022,1,Clients,Unknown,Lv2_Visitors,"22,08,213"
2022,1,Clients,Unknown,Lv3_Visitors,"11,15,200"
2022,1,Clients,Unknown,Lv3_Visitors,
2022,1,Clients,Unknown,Lv4_Visitors,"6,42,611"
2022,1,Clients,Unknown,Lv5_Visitors,"2,25,086"
2022,1,Clients,Unknown,Lv4_Visitors,"1,91,101"
2022,1,Clients,Unknown,Lv5_Visitors,"80,431"
2023,1,Clients,Unknown,Lv1_Visitors,"32,32,931"
2023,1,Clients,Unknown,Lv2_Visitors,"21,17,234"
2023,1,Clients,Unknown,Lv3_Visitors,"17,36,522"
2023,1,Clients,Unknown,Lv4_Visitors,"7,57,572"
2023,1,Clients,Lucknow,Lv1_Visitors,"6,40,062"
2023,1,Clients,Lucknow,Lv2_Visitors,"3,88,499"
2023,1,Clients,Lucknow,Lv3_Visitors,"3,82,048"
2023,1,Clients,Pune,Lv1_Visitors,"2,50,971"
2023,1,Clients,Jaipur,Lv1_Visitors,"1,88,665"
2023,1,Clients,Pune,Lv2_Visitors,"1,60,546"
2023,1,Clients,Chennai,Lv1_Visitors,"1,30,907"
2023,1,Clients,Lucknow,Lv4_Visitors,"1,27,177"
2023,1,Clients,Pune,Lv3_Visitors,"1,27,732"
2023,1,Clients,Jaipur,Lv2_Visitors,"1,22,982"
2023,1,Clients,Jaipur,Lv3_Visitors,"88,626"
2023,1,Clients,Unknown,Lv5_Visitors,"85,710"
2023,1,Clients,Chennai,Lv2_Visitors,"82,815"
2023,1,Clients,Chennai,Lv3_Visitors,"75,237"
2023,1,Clients,Pune,Lv4_Visitors,"60,920"
2023,1,Clients,Jaipur,Lv4_Visitors,"49,130"
2023,1,Clients,Chennai,Lv4_Visitors,"40,770"
2023,1,Clients,Lucknow,Lv5_Visitors,"24,661"
2023,1,Clients,Pune,Lv5_Visitors,"17,237"
2023,1,Clients,Jaipur,Lv5_Visitors,"16,703"
2023,1,Clients,Chennai,Lv5_Visitors,"15,311"
2021,12,Clients,Unknown,Lv1_Visitors,"36,45,530"
2021,12,Clients,Unknown,Lv2_Visitors,"25,20,440"
2021,12,Clients,Unknown,Lv3_Visitors,"13,56,277"
2021,12,Clients,Unknown,Lv3_Visitors,"7,61,769"
2021,12,Clients,Unknown,Lv4_Visitors,"7,60,293"
2021,12,Clients,Unknown,Lv5_Visitors,"2,80,922"
2021,12,Clients,Unknown,Lv4_Visitors,"1,96,700"
2021,12,Clients,Unknown,Lv5_Visitors,"90,862"
2022,12,Clients,Unknown,Lv1_Visitors,"36,76,372"
2022,12,Clients,Unknown,Lv2_Visitors,"22,71,716"
2022,12,Clients,Unknown,Lv3_Visitors,"11,65,450"
2022,12,Clients,Unknown,Lv4_Visitors,"7,04,633"
2022,12,Clients,Unknown,Lv3_Visitors,"6,99,383"
2022,12,Clients,Unknown,Lv5_Visitors,"2,52,523"
2022,12,Clients,Unknown,Lv4_Visitors,"2,02,095"
2022,12,Clients,Unknown,Lv5_Visitors,"87,548"
2023,12,Clients,Unknown,Lv1_Visitors,"35,69,102"
2023,12,Clients,Unknown,Lv2_Visitors,"23,10,075"
2023,12,Clients,Unknown,Lv3_Visitors,"17,62,996"
2023,12,Clients,Unknown,Lv4_Visitors,"8,53,092"
2023,12,Clients,Lucknow,Lv1_Visitors,"6,77,569"
2023,12,Clients,Lucknow,Lv2_Visitors,"4,11,919"
2023,12,Clients,Lucknow,Lv3_Visitors,"3,12,712"
2023,12,Clients,Unknown,Lv5_Visitors,"3,12,006"
2023,12,Clients,Pune,Lv1_Visitors,"2,97,191"
2023,12,Clients,Jaipur,Lv1_Visitors,"2,19,465"
2023,12,Clients,Pune,Lv2_Visitors,"1,85,499"
2023,12,Clients,Chennai,Lv1_Visitors,"1,45,346"
2023,12,Clients,Pune,Lv3_Visitors,"1,45,635"
2023,12,Clients,Lucknow,Lv4_Visitors,"1,42,489"
2023,12,Clients,Jaipur,Lv2_Visitors,"1,43,140"
2023,12,Clients,Jaipur,Lv3_Visitors,"1,02,200"
2023,12,Clients,Chennai,Lv2_Visitors,"90,513"
2023,12,Clients,Chennai,Lv3_Visitors,"76,861"
2023,12,Clients,Pune,Lv4_Visitors,"69,799"
2023,12,Clients,Lucknow,Lv5_Visitors,"67,146"
2023,12,Clients,Jaipur,Lv4_Visitors,"56,982"
2023,12,Clients,Chennai,Lv4_Visitors,"43,178"
2023,12,Clients,Pune,Lv5_Visitors,"40,389"
2023,12,Clients,Jaipur,Lv5_Visitors,"31,228"
2023,12,Clients,Chennai,Lv5_Visitors,"27,813"
2021,11,Clients,Unknown,Lv1_Visitors,"42,95,552"
2021,11,Clients,Unknown,Lv2_Visitors,"29,33,807"
2021,11,Clients,Unknown,Lv3_Visitors,"16,36,815"
2021,11,Clients,Unknown,Lv3_Visitors,"11,05,935"
2021,11,Clients,Unknown,Lv4_Visitors,"9,35,266"
2021,11,Clients,Unknown,Lv5_Visitors,"3,12,903"
2021,11,Clients,Unknown,Lv4_Visitors,"2,30,588"
2021,11,Clients,Unknown,Lv5_Visitors,"1,00,582"
2022,11,Clients,Unknown,Lv1_Visitors,"32,33,435"
2022,11,Clients,Unknown,Lv2_Visitors,"20,35,820"
2022,11,Clients,Unknown,Lv3_Visitors,"10,93,497"
2022,11,Clients,Unknown,Lv3_Visitors,"6,31,738"
2022,11,Clients,Unknown,Lv4_Visitors,"6,22,542"
2022,11,Clients,Unknown,Lv5_Visitors,"2,23,184"
2022,11,Clients,Unknown,Lv4_Visitors,
2022,11,Clients,Unknown,Lv5_Visitors,"77,804"
2023,11,Clients,Unknown,Lv1_Visitors,"33,84,941"
2023,11,Clients,Unknown,Lv2_Visitors,"21,16,702"
2023,11,Clients,Unknown,Lv3_Visitors,"16,04,335"
2023,11,Clients,Unknown,Lv4_Visitors,"7,42,948"
2023,11,Clients,Lucknow,Lv1_Visitors,"7,32,510"
2023,11,Clients,Lucknow,Lv2_Visitors,"4,27,188"
2023,11,Clients,Lucknow,Lv3_Visitors,"3,47,990"
2023,11,Clients,Pune,Lv1_Visitors,"3,01,786"
2023,11,Clients,Unknown,Lv5_Visitors,"2,66,147"
2023,11,Clients,Jaipur,Lv1_Visitors,"1,96,965"
2023,11,Clients,Pune,Lv2_Visitors,"1,85,924"
2023,11,Clients,Pune,Lv3_Visitors,"1,49,440"
2023,11,Clients,Chennai,Lv1_Visitors,"1,41,004"
2023,11,Clients,Lucknow,Lv4_Visitors,"1,33,927"
2023,11,Clients,Jaipur,Lv2_Visitors,"1,28,124"
2023,11,Clients,Jaipur,Lv3_Visitors,"1,01,780"
2023,11,Clients,Chennai,Lv2_Visitors,"85,909"
2023,11,Clients,Pune,Lv4_Visitors,"74,666"
2023,11,Clients,Chennai,Lv3_Visitors,"69,814"
2023,11,Clients,Lucknow,Lv5_Visitors,"63,719"
2023,11,Clients,Jaipur,Lv4_Visitors,"54,509"
2023,11,Clients,Chennai,Lv4_Visitors,"41,840"
2023,11,Clients,Pune,Lv5_Visitors,"40,715"
2023,11,Clients,Jaipur,Lv5_Visitors,"29,841"
2023,11,Clients,Chennai,Lv5_Visitors,"26,501"
2021,10,Clients,Unknown,Lv1_Visitors,"33,88,446"
2021,10,Clients,Unknown,Lv2_Visitors,"23,05,946"
2021,10,Clients,Unknown,Lv3_Visitors,"12,94,564"
2021,10,Clients,Unknown,Lv3_Visitors,"7,78,621"
2021,10,Clients,Unknown,Lv4_Visitors,"7,30,000"
2021,10,Clients,Unknown,Lv5_Visitors,"2,50,418"
2021,10,Clients,Unknown,Lv4_Visitors,"1,87,233"
2021,10,Clients,Unknown,Lv5_Visitors,"82,142"
2022,10,Clients,Unknown,Lv1_Visitors,"30,26,425"
2022,10,Clients,Unknown,Lv2_Visitors,
2022,10,Clients,Unknown,Lv3_Visitors,
2022,10,Clients,Unknown,Lv4_Visitors,"6,01,823"
2022,10,Clients,Unknown,Lv3_Visitors,"5,83,018"
2022,10,Clients,Unknown,Lv5_Visitors,"2,07,364"
2022,10,Clients,Unknown,Lv4_Visitors,"1,69,557"
2022,10,Clients,Unknown,Lv5_Visitors,"73,862"
2023,10,Clients,Unknown,Lv1_Visitors,"33,21,884"
2023,10,Clients,Unknown,Lv2_Visitors,"20,78,445"
2023,10,Clients,Unknown,Lv3_Visitors,"16,44,469"
2023,10,Clients,Unknown,Lv4_Visitors,"6,97,946"
2023,10,Clients,Lucknow,Lv1_Visitors,"6,45,675"
2023,10,Clients,Lucknow,Lv3_Visitors,"4,00,567"
2023,10,Clients,Lucknow,Lv2_Visitors,"3,90,111"
2023,10,Clients,Pune,Lv1_Visitors,"2,69,862"
2023,10,Clients,Unknown,Lv5_Visitors,"2,31,799"
2023,10,Clients,Jaipur,Lv1_Visitors,"2,00,609"
2023,10,Clients,Pune,Lv2_Visitors,"1,63,202"
2023,10,Clients,Chennai,Lv1_Visitors,"1,31,497"
2023,10,Clients,Jaipur,Lv2_Visitors,"1,29,764"
2023,10,Clients,Pune,Lv3_Visitors,"1,22,109"
2023,10,Clients,Lucknow,Lv4_Visitors,"1,20,046"
2023,10,Clients,Jaipur,Lv3_Visitors,"1,04,270"
2023,10,Clients,Chennai,Lv2_Visitors,"82,961"
2023,10,Clients,Chennai,Lv3_Visitors,"65,966"
2023,10,Clients,Lucknow,Lv5_Visitors,"58,839"
2023,10,Clients,Pune,Lv4_Visitors,"59,207"
2023,10,Clients,Jaipur,Lv4_Visitors,"51,836"
2023,10,Clients,Chennai,Lv4_Visitors,"37,173"
2023,10,Clients,Pune,Lv5_Visitors,"34,499"
2023,10,Clients,Jaipur,Lv5_Visitors,"26,554"
2023,10,Clients,Chennai,Lv5_Visitors,"22,037"
2021,9,Clients,Unknown,Lv1_Visitors,"31,44,688"
2021,9,Clients,Unknown,Lv2_Visitors,"21,35,481"
2021,9,Clients,Unknown,Lv3_Visitors,
2021,9,Clients,Unknown,Lv3_Visitors,"6,99,845"
2021,9,Clients,Unknown,Lv4_Visitors,"6,41,409"
2021,9,Clients,Unknown,Lv5_Visitors,"2,17,516"
2021,9,Clients,Unknown,Lv4_Visitors,"1,70,026"
2021,9,Clients,Unknown,Lv5_Visitors,"70,913"
2022,9,Clients,Unknown,Lv1_Visitors,"32,44,083"
2022,9,Clients,Unknown,Lv2_Visitors,"20,82,135"
2022,9,Clients,Unknown,Lv3_Visitors,"11,10,750"
2022,9,Clients,Unknown,Lv4_Visitors,
2022,9,Clients,Unknown,Lv3_Visitors,"6,10,750"
2022,9,Clients,Unknown,Lv5_Visitors,"2,07,319"
2022,9,Clients,Unknown,Lv4_Visitors,"1,88,888"
2022,9,Clients,Unknown,Lv5_Visitors,"76,353"
2023,9,Clients,Unknown,Lv1_Visitors,"33,69,162"
2023,9,Clients,Unknown,Lv2_Visitors,"21,16,218"
2023,9,Clients,Unknown,Lv3_Visitors,"15,72,972"
2023,9,Clients,Unknown,Lv4_Visitors,"7,07,419"
2023,9,Clients,Lucknow,Lv1_Visitors,"6,89,203"
2023,9,Clients,Lucknow,Lv2_Visitors,"4,05,733"
2023,9,Clients,Lucknow,Lv3_Visitors,"3,31,441"
2023,9,Clients,Pune,Lv1_Visitors,"2,68,920"
2023,9,Clients,Unknown,Lv5_Visitors,"2,44,981"
2023,9,Clients,Jaipur,Lv1_Visitors,"1,99,877"
2023,9,Clients,Pune,Lv2_Visitors,"1,65,452"
2023,9,Clients,Jaipur,Lv2_Visitors,"1,33,601"
2023,9,Clients,Chennai,Lv1_Visitors,"1,26,426"
2023,9,Clients,Lucknow,Lv4_Visitors,"1,22,549"
2023,9,Clients,Pune,Lv3_Visitors,"1,22,125"
2023,9,Clients,Jaipur,Lv3_Visitors,"1,15,661"
2023,9,Clients,Chennai,Lv2_Visitors,
2023,9,Clients,Lucknow,Lv5_Visitors,"64,138"
2023,9,Clients,Chennai,Lv3_Visitors,"61,842"
2023,9,Clients,Pune,Lv4_Visitors,"57,952"
2023,9,Clients,Jaipur,Lv4_Visitors,"49,903"
2023,9,Clients,Chennai,Lv4_Visitors,"39,081"
2023,9,Clients,Pune,Lv5_Visitors,"33,135"
2023,9,Clients,Jaipur,Lv5_Visitors,"30,235"
2023,9,Clients,Chennai,Lv5_Visitors,"21,447"
2021,8,Clients,Unknown,Lv1_Visitors,"35,98,465"
2021,8,Clients,Unknown,Lv2_Visitors,"24,72,302"
2021,8,Clients,Unknown,Lv3_Visitors,"14,49,029"
2021,8,Clients,Unknown,Lv3_Visitors,"7,98,079"
2021,8,Clients,Unknown,Lv4_Visitors,"7,79,850"
2021,8,Clients,Unknown,Lv5_Visitors,"2,74,528"
2021,8,Clients,Unknown,Lv4_Visitors,"1,96,291"
2021,8,Clients,Unknown,Lv5_Visitors,"83,500"
2022,8,Clients,Unknown,Lv1_Visitors,"28,92,304"
2022,8,Clients,Unknown,Lv2_Visitors,"18,94,283"
2022,8,Clients,Unknown,Lv3_Visitors,"10,23,687"
2022,8,Clients,Unknown,Lv4_Visitors,"5,96,283"
2022,8,Clients,Unknown,Lv3_Visitors,"5,28,593"
2022,8,Clients,Unknown,Lv5_Visitors,"1,98,008"
2022,8,Clients,Unknown,Lv4_Visitors,"1,54,744"
2022,8,Clients,Unknown,Lv5_Visitors,"65,048"
2023,8,Clients,Unknown,Lv1_Visitors,"35,17,931"
2023,8,Clients,Unknown,Lv2_Visitors,"22,37,534"
2023,8,Clients,Unknown,Lv3_Visitors,"16,25,229"
2023,8,Clients,Unknown,Lv4_Visitors,"7,71,098"
2023,8,Clients,Lucknow,Lv1_Visitors,"7,23,581"
2023,8,Clients,Lucknow,Lv2_Visitors,
2023,8,Clients,Lucknow,Lv3_Visitors,"3,27,373"
2023,8,Clients,Pune,Lv1_Visitors,"2,71,870"
2023,8,Clients,Unknown,Lv5_Visitors,"2,59,380"
2023,8,Clients,Jaipur,Lv1_Visitors,"2,04,075"
2023,8,Clients,Pune,Lv2_Visitors,"1,71,539"
2023,8,Clients,Lucknow,Lv4_Visitors,"1,39,910"
2023,8,Clients,Jaipur,Lv2_Visitors,"1,36,429"
2023,8,Clients,Pune,Lv3_Visitors,"1,27,893"
2023,8,Clients,Chennai,Lv1_Visitors,"1,25,419"
2023,8,Clients,Jaipur,Lv3_Visitors,"1,18,453"
2023,8,Clients,Chennai,Lv2_Visitors,"81,423"
2023,8,Clients,Lucknow,Lv5_Visitors,"67,524"
2023,8,Clients,Pune,Lv4_Visitors,"63,140"
2023,8,Clients,Chennai,Lv3_Visitors,"62,024"
2023,8,Clients,Jaipur,Lv4_Visitors,"54,311"
2023,8,Clients,Chennai,Lv4_Visitors,"35,813"
2023,8,Clients,Pune,Lv5_Visitors,"36,825"
2023,8,Clients,Jaipur,Lv5_Visitors,"30,544"
2023,8,Clients,Chennai,Lv5_Visitors,"22,879"
2021,7,Clients,Unknown,Lv1_Visitors,"40,44,678"
2021,7,Clients,Unknown,Lv2_Visitors,"28,07,058"
2021,7,Clients,Unknown,Lv3_Visitors,"17,65,844"
2021,7,Clients,Unknown,Lv4_Visitors,"9,74,030"
2021,7,Clients,Unknown,Lv3_Visitors,"8,87,751"
2021,7,Clients,Unknown,Lv5_Visitors,"3,41,151"
2021,7,Clients,Unknown,Lv4_Visitors,"2,29,208"
2021,7,Clients,Unknown,Lv5_Visitors,"94,917"
2022,7,Clients,Unknown,Lv1_Visitors,"27,98,662"
2022,7,Clients,Unknown,Lv2_Visitors,"17,79,777"
2022,7,Clients,Unknown,Lv3_Visitors,"9,49,007"
2022,7,Clients,Unknown,Lv3_Visitors,
2022,7,Clients,Unknown,Lv4_Visitors,"5,23,264"
2022,7,Clients,Unknown,Lv5_Visitors,"1,68,071"
2022,7,Clients,Unknown,Lv4_Visitors,"1,38,852"
2022,7,Clients,Unknown,Lv5_Visitors,"59,908"
2023,7,Clients,Unknown,Lv1_Visitors,"33,05,374"
2023,7,Clients,Unknown,Lv2_Visitors,"21,31,311"
2023,7,Clients,Unknown,Lv3_Visitors,"15,73,611"
2023,7,Clients,Unknown,Lv4_Visitors,"7,09,662"
2023,7,Clients,Lucknow,Lv1_Visitors,"6,87,192"
2023,7,Clients,Lucknow,Lv2_Visitors,"4,21,099"
2023,7,Clients,Lucknow,Lv3_Visitors,"3,14,247"
2023,7,Clients,Pune,Lv1_Visitors,"2,81,507"
2023,7,Clients,Unknown,Lv5_Visitors,"2,41,793"
2023,7,Clients,Jaipur,Lv1_Visitors,"1,90,042"
2023,7,Clients,Pune,Lv2_Visitors,"1,75,232"
2023,7,Clients,Chennai,Lv1_Visitors,"1,31,912"
2023,7,Clients,Pune,Lv3_Visitors,"1,29,346"
2023,7,Clients,Lucknow,Lv4_Visitors,"1,26,831"
2023,7,Clients,Jaipur,Lv2_Visitors,"1,26,858"
2023,7,Clients,Jaipur,Lv3_Visitors,"1,04,369"
2023,7,Clients,Chennai,Lv2_Visitors,"84,165"
2023,7,Clients,Chennai,Lv3_Visitors,"66,140"
2023,7,Clients,Lucknow,Lv5_Visitors,"62,495"
2023,7,Clients,Pune,Lv4_Visitors,"61,944"
2023,7,Clients,Jaipur,Lv4_Visitors,"46,847"
2023,7,Clients,Chennai,Lv4_Visitors,"38,244"
2023,7,Clients,Pune,Lv5_Visitors,"34,469"
2023,7,Clients,Jaipur,Lv5_Visitors,"28,668"
2023,7,Clients,Chennai,Lv5_Visitors,"23,303"
2021,6,Clients,Unknown,Lv1_Visitors,"47,12,305"
2021,6,Clients,Unknown,Lv2_Visitors,"33,44,009"
2021,6,Clients,Unknown,Lv3_Visitors,"22,35,448"
2021,6,Clients,Unknown,Lv4_Visitors,"14,32,523"
2021,6,Clients,Unknown,Lv3_Visitors,"11,77,133"
2021,6,Clients,Unknown,Lv5_Visitors,"4,37,291"
2021,6,Clients,Unknown,Lv4_Visitors,"3,81,866"
2021,6,Clients,Unknown,Lv5_Visitors,"1,16,634"
2022,6,Clients,Unknown,Lv1_Visitors,
2022,6,Clients,Unknown,Lv2_Visitors,"21,21,670"
2022,6,Clients,Unknown,Lv3_Visitors,"11,20,418"
2022,6,Clients,Unknown,Lv4_Visitors,"6,32,974"
2022,6,Clients,Unknown,Lv3_Visitors,"6,08,944"
2022,6,Clients,Unknown,Lv5_Visitors,"2,20,989"
2022,6,Clients,Unknown,Lv4_Visitors,"1,69,982"
2022,6,Clients,Unknown,Lv5_Visitors,"75,713"
2023,6,Clients,Unknown,Lv1_Visitors,"33,10,942"
2023,6,Clients,Unknown,Lv2_Visitors,"21,06,578"
2023,6,Clients,Unknown,Lv3_Visitors,"15,08,979"
2023,6,Clients,Lucknow,Lv1_Visitors,"7,18,797"
2023,6,Clients,Unknown,Lv4_Visitors,"6,90,254"
2023,6,Clients,Lucknow,Lv2_Visitors,"4,35,214"
2023,6,Clients,Lucknow,Lv3_Visitors,"3,09,751"
2023,6,Clients,Pune,Lv1_Visitors,"2,83,373"
2023,6,Clients,Unknown,Lv5_Visitors,"2,44,517"
2023,6,Clients,Jaipur,Lv1_Visitors,"1,78,893"
2023,6,Clients,Pune,Lv2_Visitors,"1,71,137"
2023,6,Clients,Chennai,Lv1_Visitors,"1,29,355"
2023,6,Clients,Lucknow,Lv4_Visitors,"1,24,162"
2023,6,Clients,Pune,Lv3_Visitors,"1,20,384"
2023,6,Clients,Jaipur,Lv2_Visitors,"1,17,664"
2023,6,Clients,Jaipur,Lv3_Visitors,"90,008"
2023,6,Clients,Chennai,Lv2_Visitors,"80,215"
2023,6,Clients,Chennai,Lv3_Visitors,"71,374"
2023,6,Clients,Lucknow,Lv5_Visitors,"62,608"
2023,6,Clients,Pune,Lv4_Visitors,"61,443"
2023,6,Clients,Jaipur,Lv4_Visitors,"46,958"
2023,6,Clients,Chennai,Lv4_Visitors,"36,225"
2023,6,Clients,Pune,Lv5_Visitors,"35,002"
2023,6,Clients,Jaipur,Lv5_Visitors,"27,568"
2023,6,Clients,Chennai,Lv5_Visitors,"21,229"
2021,5,Clients,Unknown,Lv1_Visitors,"45,92,817"
2021,5,Clients,Unknown,Lv2_Visitors,"31,68,935"
2021,5,Clients,Unknown,Lv3_Visitors,"20,57,392"
2021,5,Clients,Unknown,Lv4_Visitors,
2021,5,Clients,Unknown,Lv3_Visitors,"12,72,341"
2021,5,Clients,Unknown,Lv5_Visitors,"4,48,163"
2021,5,Clients,Unknown,Lv4_Visitors,"3,72,797"
2021,5,Clients,Unknown,Lv5_Visitors,"1,28,349"
2022,5,Clients,Unknown,Lv1_Visitors,"30,67,636"
2022,5,Clients,Unknown,Lv2_Visitors,"19,62,624"
2022,5,Clients,Unknown,Lv3_Visitors,"10,39,591"
2022,5,Clients,Unknown,Lv4_Visitors,"5,80,437"
2022,5,Clients,Unknown,Lv3_Visitors,"5,48,033"
2022,5,Clients,Unknown,Lv5_Visitors,"1,96,190"
2022,5,Clients,Unknown,Lv4_Visitors,"1,55,240"
2022,5,Clients,Unknown,Lv5_Visitors,"67,520"
2023,5,Clients,Unknown,Lv1_Visitors,"31,41,762"
2023,5,Clients,Unknown,Lv2_Visitors,"19,60,685"
2023,5,Clients,Unknown,Lv3_Visitors,"15,20,120"
2023,5,Clients,Lucknow,Lv1_Visitors,"7,37,821"
2023,5,Clients,Unknown,Lv4_Visitors,"7,19,236"
2023,5,Clients,Lucknow,Lv2_Visitors,"4,45,116"
2023,5,Clients,Lucknow,Lv3_Visitors,"3,51,676"
2023,5,Clients,Unknown,Lv5_Visitors,"2,64,744"
2023,5,Clients,Pune,Lv1_Visitors,"2,47,887"
2023,5,Clients,Jaipur,Lv1_Visitors,"1,62,643"
2023,5,Clients,Pune,Lv2_Visitors,"1,45,467"
2023,5,Clients,Lucknow,Lv4_Visitors,"1,43,528"
2023,5,Clients,Chennai,Lv1_Visitors,"1,22,356"
2023,5,Clients,Pune,Lv3_Visitors,"1,15,452"
2023,5,Clients,Jaipur,Lv2_Visitors,"98,737"
2023,5,Clients,Jaipur,Lv3_Visitors,"82,836"
2023,5,Clients,Chennai,Lv2_Visitors,"73,594"
2023,5,Clients,Lucknow,Lv5_Visitors,"70,501"
2023,5,Clients,Chennai,Lv3_Visitors,"65,264"
2023,5,Clients,Pune,Lv4_Visitors,"62,942"
2023,5,Clients,Jaipur,Lv4_Visitors,"46,047"
2023,5,Clients,Chennai,Lv4_Visitors,"36,698"
2023,5,Clients,Pune,Lv5_Visitors,"34,913"
2023,5,Clients,Jaipur,Lv5_Visitors,"26,740"
2023,5,Clients,Chennai,Lv5_Visitors,"21,456"
2021,4,Clients,Unknown,Lv1_Visitors,"34,62,827"
2021,4,Clients,Unknown,Lv2_Visitors,"23,43,521"
2021,4,Clients,Unknown,Lv3_Visitors,"14,12,479"
2021,4,Clients,Unknown,Lv3_Visitors,"10,46,791"
2021,4,Clients,Unknown,Lv4_Visitors,"9,33,057"
2021,4,Clients,Unknown,Lv5_Visitors,"3,01,191"
2021,4,Clients,Unknown,Lv4_Visitors,"2,71,399"
2021,4,Clients,Unknown,Lv5_Visitors,"97,610"
2022,4,Clients,Unknown,Lv1_Visitors,"30,58,265"
2022,4,Clients,Unknown,Lv2_Visitors,"19,68,434"
2022,4,Clients,Unknown,Lv3_Visitors,"11,02,393"
2022,4,Clients,Unknown,Lv4_Visitors,"6,00,176"
2022,4,Clients,Unknown,Lv3_Visitors,
2022,4,Clients,Unknown,Lv5_Visitors,"2,05,319"
2022,4,Clients,Unknown,Lv4_Visitors,"1,60,728"
2022,4,Clients,Unknown,Lv5_Visitors,"74,026"
2023,4,Clients,Unknown,Lv1_Visitors,"34,51,076"
2023,4,Clients,Unknown,Lv2_Visitors,"21,09,604"
2023,4,Clients,Unknown,Lv3_Visitors,"16,74,779"
2023,4,Clients,Lucknow,Lv1_Visitors,"7,46,622"
2023,4,Clients,Unknown,Lv4_Visitors,"7,22,715"
2023,4,Clients,Lucknow,Lv2_Visitors,"4,51,471"
2023,4,Clients,Lucknow,Lv3_Visitors,"4,11,020"
2023,4,Clients,Unknown,Lv5_Visitors,"2,59,413"
2023,4,Clients,Pune,Lv1_Visitors,"2,49,267"
2023,4,Clients,Jaipur,Lv1_Visitors,"1,66,978"
2023,4,Clients,Pune,Lv2_Visitors,"1,43,169"
2023,4,Clients,Lucknow,Lv4_Visitors,"1,35,827"
2023,4,Clients,Chennai,Lv1_Visitors,"1,26,519"
2023,4,Clients,Pune,Lv3_Visitors,"1,08,146"
2023,4,Clients,Jaipur,Lv2_Visitors,"1,02,144"
2023,4,Clients,Jaipur,Lv3_Visitors,"84,961"
2023,4,Clients,Chennai,Lv2_Visitors,"74,228"
2023,4,Clients,Lucknow,Lv5_Visitors,"66,404"
2023,4,Clients,Chennai,Lv3_Visitors,"64,393"
2023,4,Clients,Pune,Lv4_Visitors,"56,322"
2023,4,Clients,Jaipur,Lv4_Visitors,"44,856"
2023,4,Clients,Chennai,Lv4_Visitors,"39,504"
2023,4,Clients,Pune,Lv5_Visitors,"33,967"
2023,4,Clients,Jaipur,Lv5_Visitors,"23,095"
2023,4,Clients,Chennai,Lv5_Visitors,"22,672"
2021,3,Clients,Unknown,Lv1_Visitors,"29,88,086"
2021,3,Clients,Unknown,Lv2_Visitors,"20,33,964"
2021,3,Clients,Unknown,Lv3_Visitors,"12,10,299"
2021,3,Clients,Unknown,Lv3_Visitors,"9,11,969"
2021,3,Clients,Unknown,Lv4_Visitors,"7,99,167"
2021,3,Clients,Unknown,Lv5_Visitors,"2,54,770"
2021,3,Clients,Unknown,Lv4_Visitors,"2,34,464"
2021,3,Clients,Unknown,Lv5_Visitors,"85,683"
2022,3,Clients,Unknown,Lv1_Visitors,"30,76,732"
2022,3,Clients,Unknown,Lv2_Visitors,"21,38,730"
2022,3,Clients,Unknown,Lv3_Visitors,"11,19,596"
2022,3,Clients,Unknown,Lv4_Visitors,"5,94,183"
2022,3,Clients,Unknown,Lv3_Visitors,"5,72,195"
2022,3,Clients,Unknown,Lv5_Visitors,"2,09,067"
2022,3,Clients,Unknown,Lv4_Visitors,"1,57,906"
2022,3,Clients,Unknown,Lv5_Visitors,"72,302"
2023,3,Clients,Unknown,Lv1_Visitors,"33,32,401"
2023,3,Clients,Unknown,Lv2_Visitors,"20,78,793"
2023,3,Clients,Unknown,Lv3_Visitors,"16,86,950"
2023,3,Clients,Unknown,Lv4_Visitors,"8,02,962"
2023,3,Clients,Lucknow,Lv1_Visitors,"7,55,266"
2023,3,Clients,Lucknow,Lv2_Visitors,"4,53,281"
2023,3,Clients,Lucknow,Lv3_Visitors,"3,66,871"
2023,3,Clients,Unknown,Lv5_Visitors,"2,91,865"
2023,3,Clients,Pune,Lv1_Visitors,"2,72,047"
2023,3,Clients,Jaipur,Lv1_Visitors,"1,68,175"
2023,3,Clients,Lucknow,Lv4_Visitors,"1,59,180"
2023,3,Clients,Pune,Lv2_Visitors,"1,57,551"
2023,3,Clients,Chennai,Lv1_Visitors,"1,38,529"
2023,3,Clients,Pune,Lv3_Visitors,"1,36,633"
2023,3,Clients,Jaipur,Lv2_Visitors,"1,03,938"
2023,3,Clients,Jaipur,Lv3_Visitors,
2023,3,Clients,Chennai,Lv2_Visitors,"83,251"
2023,3,Clients,Lucknow,Lv5_Visitors,"78,205"
2023,3,Clients,Chennai,Lv3_Visitors,"72,843"
2023,3,Clients,Pune,Lv4_Visitors,"69,075"
2023,3,Clients,Jaipur,Lv4_Visitors,"51,353"
2023,3,Clients,Chennai,Lv4_Visitors,"43,450"
2023,3,Clients,Pune,Lv5_Visitors,"39,894"
2023,3,Clients,Jaipur,Lv5_Visitors,"26,644"
2023,3,Clients,Chennai,Lv5_Visitors,"26,834"
2021,2,Clients,Unknown,Lv1_Visitors,"33,32,027"
2021,2,Clients,Unknown,Lv2_Visitors,"23,14,860"
2021,2,Clients,Unknown,Lv3_Visitors,"14,05,774"
2021,2,Clients,Unknown,Lv3_Visitors,
2021,2,Clients,Unknown,Lv4_Visitors,"9,12,861"
2021,2,Clients,Unknown,Lv5_Visitors,"2,87,453"
2021,2,Clients,Unknown,Lv4_Visitors,"2,65,753"
2021,2,Clients,Unknown,Lv5_Visitors,"95,781"
2022,2,Clients,Unknown,Lv1_Visitors,"37,19,699"
2022,2,Clients,Unknown,Lv2_Visitors,"27,47,262"
2022,2,Clients,Unknown,Lv3_Visitors,"13,82,052"
2022,2,Clients,Unknown,Lv4_Visitors,"7,55,083"
2022,2,Clients,Unknown,Lv3_Visitors,
2022,2,Clients,Unknown,Lv5_Visitors,"2,67,264"
2022,2,Clients,Unknown,Lv4_Visitors,"1,94,882"
2022,2,Clients,Unknown,Lv5_Visitors,"87,693"
2023,2,Clients,Unknown,Lv1_Visitors,"37,66,043"
2023,2,Clients,Unknown,Lv2_Visitors,"23,92,390"
2023,2,Clients,Unknown,Lv3_Visitors,"19,63,744"
2023,2,Clients,Unknown,Lv4_Visitors,"9,30,140"
2023,2,Clients,Lucknow,Lv1_Visitors,"7,90,723"
2023,2,Clients,Lucknow,Lv2_Visitors,"4,74,772"
2023,2,Clients,Lucknow,Lv3_Visitors,"3,87,131"
2023,2,Clients,Unknown,Lv5_Visitors,"3,25,935"
2023,2,Clients,Pune,Lv1_Visitors,"3,05,286"
2023,2,Clients,Jaipur,Lv1_Visitors,"1,80,307"
2023,2,Clients,Pune,Lv2_Visitors,"1,76,182"
2023,2,Clients,Lucknow,Lv4_Visitors,"1,73,102"
2023,2,Clients,Chennai,Lv1_Visitors,"1,57,896"
2023,2,Clients,Pune,Lv3_Visitors,"1,51,673"
2023,2,Clients,Jaipur,Lv2_Visitors,"1,08,138"
2023,2,Clients,Chennai,Lv2_Visitors,"96,016"
2023,2,Clients,Jaipur,Lv3_Visitors,"93,919"
2023,2,Clients,Chennai,Lv3_Visitors,"83,064"
2023,2,Clients,Lucknow,Lv5_Visitors,"80,641"
2023,2,Clients,Pune,Lv4_Visitors,"80,390"
2023,2,Clients,Chennai,Lv4_Visitors,"49,662"
2023,2,Clients,Jaipur,Lv4_Visitors,"50,147"
2023,2,Clients,Pune,Lv5_Visitors,"45,190"
2023,2,Clients,Chennai,Lv5_Visitors,"29,376"
2023,2,Clients,Jaipur,Lv5_Visitors,"28,093"
2021,1,Customers,Unknown,Lv1_Visitors,"5,93,590"
2021,1,Customers,Unknown,Lv3_Visitors,"5,21,765"
2021,1,Customers,Unknown,Lv2_Visitors,"4,76,227"
2021,1,Customers,Unknown,Lv4_Visitors,"2,31,741"
2021,1,Customers,Lucknow,Lv1_Visitors,"1,06,693"
2021,1,Customers,Lucknow,Lv3_Visitors,"91,159"
2021,1,Customers,Lucknow,Lv2_Visitors,"81,793"
2021,1,Customers,Unknown,Lv5_Visitors,"65,907"
2021,1,Customers,Lucknow,Lv4_Visitors,
2021,1,Customers,NCR,Lv1_Visitors,"42,749"
2021,1,Customers,Pune,Lv1_Visitors,"42,191"
2021,1,Customers,NCR,Lv3_Visitors,"41,247"
2021,1,Customers,NCR,Lv2_Visitors,"38,517"
2021,1,Customers,Jaipur,Lv1_Visitors,"38,871"
2021,1,Customers,Pune,Lv2_Visitors,"32,707"
2021,1,Customers,Pune,Lv3_Visitors,"32,055"
2021,1,Customers,Jaipur,Lv2_Visitors,
2021,1,Customers,Jaipur,Lv3_Visitors,"30,520"
2021,1,Customers,NCR,Lv4_Visitors,"25,140"
2021,1,Customers,Lucknow,Lv5_Visitors,"23,473"
2021,1,Customers,Jaipur,Lv4_Visitors,"18,496"
2021,1,Customers,Pune,Lv4_Visitors,"19,471"
2021,1,Customers,Kochi,Lv3_Visitors,"16,469"
2021,1,Customers,Kochi,Lv1_Visitors,"16,194"
2021,1,Customers,NCR,Lv5_Visitors,"16,127"
2021,1,Customers,Kochi,Lv2_Visitors,"13,928"
2021,1,Customers,Pune,Lv5_Visitors,"13,368"
2021,1,Customers,Jaipur,Lv5_Visitors,"15,224"
2021,1,Customers,Kochi,Lv4_Visitors,"12,408"
2021,1,Customers,Kochi,Lv5_Visitors,"10,989"
2022,1,Customers,Unknown,Lv1_Visitors,"4,80,736"
2022,1,Customers,Unknown,Lv2_Visitors,"3,39,731"
2022,1,Customers,Unknown,Lv3_Visitors,"2,43,530"
2022,1,Customers,Unknown,Lv4_Visitors,"99,020"
2022,1,Customers,Lucknow,Lv1_Visitors,"81,317"
2022,1,Customers,Lucknow,Lv2_Visitors,"54,589"
2022,1,Customers,Lucknow,Lv3_Visitors,"49,800"
2022,1,Customers,NCR,Lv1_Visitors,"44,643"
2022,1,Customers,Jaipur,Lv1_Visitors,"35,026"
2022,1,Customers,NCR,Lv2_Visitors,"33,326"
2022,1,Customers,Pune,Lv1_Visitors,"31,368"
2022,1,Customers,Lucknow,Lv4_Visitors,"30,641"
2022,1,Customers,NCR,Lv3_Visitors,"29,797"
2022,1,Customers,Unknown,Lv5_Visitors,"27,901"
2022,1,Customers,Pune,Lv2_Visitors,"24,873"
2022,1,Customers,Jaipur,Lv2_Visitors,"24,009"
2022,1,Customers,Pune,Lv3_Visitors,"17,664"
2022,1,Customers,Jaipur,Lv3_Visitors,"17,401"
2022,1,Customers,Lucknow,Lv5_Visitors,"16,658"
2022,1,Customers,NCR,Lv4_Visitors,"16,219"
2022,1,Customers,Kochi,Lv1_Visitors,"15,174"
2022,1,Customers,Kochi,Lv2_Visitors,"12,575"
2022,1,Customers,Jaipur,Lv4_Visitors,"11,453"
2022,1,Customers,Pune,Lv4_Visitors,"12,574"
2022,1,Customers,Kochi,Lv3_Visitors,"12,604"
2022,1,Customers,NCR,Lv5_Visitors,"11,929"
2022,1,Customers,Pune,Lv5_Visitors,"10,972"
2022,1,Customers,Kochi,Lv4_Visitors,"9,948"
2022,1,Customers,Jaipur,Lv5_Visitors,"10,548"
2022,1,Customers,Kochi,Lv5_Visitors,"9,174"
2023,1,Customers,Unknown,Lv1_Visitors,"4,20,560"
2023,1,Customers,Unknown,Lv2_Visitors,"2,98,557"
2023,1,Customers,Unknown,Lv3_Visitors,"2,16,432"
2023,1,Customers,Lucknow,Lv1_Visitors,"92,448"
2023,1,Customers,Unknown,Lv4_Visitors,"74,917"
2023,1,Customers,Lucknow,Lv2_Visitors,"57,508"
2023,1,Customers,NCR,Lv1_Visitors,"54,415"
2023,1,Customers,Lucknow,Lv3_Visitors,"53,195"
2023,1,Customers,NCR,Lv2_Visitors,"41,491"
2023,1,Customers,Pune,Lv1_Visitors,"37,956"
2023,1,Customers,NCR,Lv3_Visitors,"31,221"
2023,1,Customers,Jaipur,Lv1_Visitors,"27,023"
2023,1,Customers,Pune,Lv2_Visitors,"26,789"
2023,1,Customers,Lucknow,Lv4_Visitors,"25,619"
2023,1,Customers,Jaipur,Lv2_Visitors,"21,329"
2023,1,Customers,Pune,Lv3_Visitors,"18,977"
2023,1,Customers,Jaipur,Lv3_Visitors,"18,063"
2023,1,Customers,Kochi,Lv1_Visitors,"17,015"
2023,1,Customers,NCR,Lv4_Visitors,"15,673"
2023,1,Customers,Unknown,Lv5_Visitors,"16,248"
2023,1,Customers,Kochi,Lv2_Visitors,"14,529"
2023,1,Customers,Kochi,Lv3_Visitors,"13,019"
2023,1,Customers,Pune,Lv4_Visitors,"11,214"
2023,1,Customers,Jaipur,Lv4_Visitors,"13,293"
2023,1,Customers,Lucknow,Lv5_Visitors,"11,275"
2023,1,Customers,Kochi,Lv4_Visitors,"10,250"
2023,1,Customers,NCR,Lv5_Visitors,"8,827"
2023,1,Customers,Pune,Lv5_Visitors,"10,318"
2023,1,Customers,Jaipur,Lv5_Visitors,"12,276"
2023,1,Customers,Kochi,Lv5_Visitors,"11,043"
2021,12,Customers,Unknown,Lv1_Visitors,"6,73,334"
2021,12,Customers,Unknown,Lv3_Visitors,"6,03,774"
2021,12,Customers,Unknown,Lv2_Visitors,"5,53,460"
2021,12,Customers,Unknown,Lv4_Visitors,"2,67,083"
2021,12,Customers,Lucknow,Lv1_Visitors,"1,01,282"
2021,12,Customers,Lucknow,Lv3_Visitors,"95,140"
2021,12,Customers,Lucknow,Lv2_Visitors,"81,717"
2021,12,Customers,Unknown,Lv5_Visitors,"78,576"
2021,12,Customers,NCR,Lv3_Visitors,"52,870"
2021,12,Customers,NCR,Lv1_Visitors,"52,352"
2021,12,Customers,Lucknow,Lv4_Visitors,"47,346"
2021,12,Customers,Pune,Lv1_Visitors,"47,674"
2021,12,Customers,NCR,Lv2_Visitors,"44,343"
2021,12,Customers,Jaipur,Lv1_Visitors,"47,077"
2021,12,Customers,Jaipur,Lv3_Visitors,"39,856"
2021,12,Customers,Jaipur,Lv2_Visitors,"38,462"
2021,12,Customers,Pune,Lv2_Visitors,"38,770"
2021,12,Customers,Pune,Lv3_Visitors,"36,529"
2021,12,Customers,NCR,Lv4_Visitors,"30,349"
2021,12,Customers,Jaipur,Lv4_Visitors,"24,737"
2021,12,Customers,Lucknow,Lv5_Visitors,"23,782"
2021,12,Customers,Pune,Lv4_Visitors,"21,206"
2021,12,Customers,NCR,Lv5_Visitors,"17,787"
2021,12,Customers,Kochi,Lv1_Visitors,"18,145"
2021,12,Customers,Kochi,Lv3_Visitors,"18,159"
2021,12,Customers,Kochi,Lv2_Visitors,"15,628"
2021,12,Customers,Jaipur,Lv5_Visitors,"13,827"
2021,12,Customers,Pune,Lv5_Visitors,"13,333"
2021,12,Customers,Kochi,Lv4_Visitors,"10,872"
2021,12,Customers,Kochi,Lv5_Visitors,"10,908"
2022,12,Customers,Unknown,Lv1_Visitors,"4,32,861"
2022,12,Customers,Unknown,Lv2_Visitors,"3,03,285"
2022,12,Customers,Unknown,Lv3_Visitors,"2,45,177"
2022,12,Customers,Unknown,Lv4_Visitors,"90,402"
2022,12,Customers,Lucknow,Lv1_Visitors,"89,153"
2022,12,Customers,Lucknow,Lv2_Visitors,"61,471"
2022,12,Customers,Lucknow,Lv3_Visitors,"56,344"
2022,12,Customers,Jaipur,Lv1_Visitors,"42,351"
2022,12,Customers,Pune,Lv1_Visitors,"33,040"
2022,12,Customers,Lucknow,Lv4_Visitors,"33,330"
2022,12,Customers,Unknown,Lv5_Visitors,"28,906"
2022,12,Customers,Jaipur,Lv2_Visitors,"30,403"
2022,12,Customers,NCR,Lv1_Visitors,"26,477"
2022,12,Customers,Pune,Lv2_Visitors,"27,617"
2022,12,Customers,NCR,Lv2_Visitors,"22,607"
2022,12,Customers,Pune,Lv3_Visitors,"19,865"
2022,12,Customers,NCR,Lv3_Visitors,"22,937"
2022,12,Customers,Jaipur,Lv3_Visitors,"18,896"
2022,12,Customers,Kochi,Lv1_Visitors,"17,025"
2022,12,Customers,Lucknow,Lv5_Visitors,"16,266"
2022,12,Customers,NCR,Lv4_Visitors,"14,632"
2022,12,Customers,Kochi,Lv2_Visitors,
2022,12,Customers,Kochi,Lv3_Visitors,"14,612"
2022,12,Customers,Jaipur,Lv4_Visitors,"12,703"
2022,12,Customers,Pune,Lv4_Visitors,"13,694"
2022,12,Customers,Kochi,Lv4_Visitors,"12,541"
2022,12,Customers,Jaipur,Lv5_Visitors,"11,116"
2022,12,Customers,Pune,Lv5_Visitors,"9,918"
2022,12,Customers,NCR,Lv5_Visitors,"12,062"
2022,12,Customers,Kochi,Lv5_Visitors,"9,577"
2023,12,Customers,Unknown,Lv1_Visitors,"4,51,676"
2023,12,Customers,Unknown,Lv2_Visitors,"3,36,052"
2023,12,Customers,Unknown,Lv3_Visitors,"2,53,344"
2023,12,Customers,Unknown,Lv4_Visitors,"85,476"
2023,12,Customers,Lucknow,Lv1_Visitors,"85,211"
2023,12,Customers,NCR,Lv1_Visitors,"60,627"
2023,12,Customers,Lucknow,Lv2_Visitors,"59,201"
2023,12,Customers,Lucknow,Lv3_Visitors,"51,495"
2023,12,Customers,NCR,Lv2_Visitors,"46,890"
2023,12,Customers,NCR,Lv3_Visitors,"34,888"
2023,12,Customers,Jaipur,Lv1_Visitors,"32,920"
2023,12,Customers,Pune,Lv1_Visitors,"31,407"
2023,12,Customers,Unknown,Lv5_Visitors,"28,238"
2023,12,Customers,Lucknow,Lv4_Visitors,"29,736"
2023,12,Customers,Jaipur,Lv2_Visitors,"24,401"
2023,12,Customers,Pune,Lv2_Visitors,"24,906"
2023,12,Customers,Pune,Lv3_Visitors,"18,595"
2023,12,Customers,Jaipur,Lv3_Visitors,"19,455"
2023,12,Customers,Kochi,Lv1_Visitors,"15,477"
2023,12,Customers,Lucknow,Lv5_Visitors,"18,332"
2023,12,Customers,NCR,Lv4_Visitors,"15,592"
2023,12,Customers,Kochi,Lv2_Visitors,"14,961"
2023,12,Customers,Kochi,Lv3_Visitors,"14,029"
2023,12,Customers,Jaipur,Lv4_Visitors,"13,242"
2023,12,Customers,Pune,Lv4_Visitors,"14,954"
2023,12,Customers,NCR,Lv5_Visitors,"10,749"
2023,12,Customers,Kochi,Lv4_Visitors,"10,637"
2023,12,Customers,Pune,Lv5_Visitors,"11,158"
2023,12,Customers,Jaipur,Lv5_Visitors,"10,562"
2023,12,Customers,Kochi,Lv5_Visitors,"11,336"
2021,11,Customers,Unknown,Lv1_Visitors,"7,82,975"
2021,11,Customers,Unknown,Lv3_Visitors,
2021,11,Customers,Unknown,Lv2_Visitors,"6,46,657"
2021,11,Customers,Unknown,Lv4_Visitors,"3,25,294"
2021,11,Customers,Lucknow,Lv3_Visitors,"1,34,169"
2021,11,Customers,Lucknow,Lv1_Visitors,"1,29,045"
2021,11,Customers,Lucknow,Lv2_Visitors,"1,02,712"
2021,11,Customers,Unknown,Lv5_Visitors,"88,245"
2021,11,Customers,Lucknow,Lv4_Visitors,"64,912"
2021,11,Customers,Pune,Lv1_Visitors,"56,656"
2021,11,Customers,Pune,Lv2_Visitors,"47,351"
2021,11,Customers,Pune,Lv3_Visitors,"45,197"
2021,11,Customers,Jaipur,Lv1_Visitors,"44,033"
2021,11,Customers,NCR,Lv3_Visitors,"45,469"
2021,11,Customers,Jaipur,Lv3_Visitors,"42,881"
2021,11,Customers,NCR,Lv1_Visitors,"39,719"
2021,11,Customers,Jaipur,Lv2_Visitors,"37,332"
2021,11,Customers,NCR,Lv2_Visitors,"37,159"
2021,11,Customers,Lucknow,Lv5_Visitors,"29,344"
2021,11,Customers,NCR,Lv4_Visitors,"25,279"
2021,11,Customers,Pune,Lv4_Visitors,"22,714"
2021,11,Customers,Jaipur,Lv4_Visitors,"24,794"
2021,11,Customers,Kochi,Lv3_Visitors,"19,529"
2021,11,Customers,Kochi,Lv1_Visitors,"18,556"
2021,11,Customers,Pune,Lv5_Visitors,"15,665"
2021,11,Customers,Kochi,Lv2_Visitors,"14,846"
2021,11,Customers,NCR,Lv5_Visitors,"16,062"
2021,11,Customers,Jaipur,Lv5_Visitors,"15,503"
2021,11,Customers,Kochi,Lv4_Visitors,"13,397"
2021,11,Customers,Kochi,Lv5_Visitors,"11,126"
2022,11,Customers,Unknown,Lv1_Visitors,"4,54,503"
2022,11,Customers,Unknown,Lv2_Visitors,"3,14,246"
2022,11,Customers,Unknown,Lv3_Visitors,"2,74,441"
2022,11,Customers,Lucknow,Lv1_Visitors,"94,647"
2022,11,Customers,Unknown,Lv4_Visitors,"81,027"
2022,11,Customers,Lucknow,Lv2_Visitors,"63,545"
2022,11,Customers,Lucknow,Lv3_Visitors,"62,366"
2022,11,Customers,Jaipur,Lv1_Visitors,"40,097"
2022,11,Customers,Pune,Lv1_Visitors,"37,208"
2022,11,Customers,NCR,Lv1_Visitors,"34,095"
2022,11,Customers,Lucknow,Lv4_Visitors,"28,480"
2022,11,Customers,NCR,Lv2_Visitors,"29,885"
2022,11,Customers,NCR,Lv3_Visitors,"27,380"
2022,11,Customers,Pune,Lv2_Visitors,"28,987"
2022,11,Customers,Jaipur,Lv2_Visitors,"27,340"
2022,11,Customers,Unknown,Lv5_Visitors,"28,567"
2022,11,Customers,Jaipur,Lv3_Visitors,"22,669"
2022,11,Customers,Pune,Lv3_Visitors,"21,392"
2022,11,Customers,Kochi,Lv1_Visitors,"17,831"
2022,11,Customers,Lucknow,Lv5_Visitors,"15,758"
2022,11,Customers,NCR,Lv4_Visitors,
2022,11,Customers,Kochi,Lv3_Visitors,"15,121"
2022,11,Customers,Kochi,Lv2_Visitors,"17,680"
2022,11,Customers,Jaipur,Lv4_Visitors,
2022,11,Customers,Pune,Lv4_Visitors,
2022,11,Customers,Kochi,Lv4_Visitors,
2022,11,Customers,Jaipur,Lv5_Visitors,"11,704"
2022,11,Customers,NCR,Lv5_Visitors,"10,809"
2022,11,Customers,Pune,Lv5_Visitors,"12,214"
2022,11,Customers,Kochi,Lv5_Visitors,"9,784"
2023,11,Customers,Unknown,Lv1_Visitors,"4,35,267"
2023,11,Customers,Unknown,Lv2_Visitors,"3,12,801"
2023,11,Customers,Unknown,Lv3_Visitors,"2,21,677"
2023,11,Customers,Lucknow,Lv1_Visitors,"96,760"
2023,11,Customers,Unknown,Lv4_Visitors,"72,382"
2023,11,Customers,Lucknow,Lv2_Visitors,"68,545"
2023,11,Customers,Lucknow,Lv3_Visitors,"58,402"
2023,11,Customers,NCR,Lv1_Visitors,"46,010"
2023,11,Customers,NCR,Lv2_Visitors,"35,197"
2023,11,Customers,Jaipur,Lv1_Visitors,"31,474"
2023,11,Customers,Lucknow,Lv4_Visitors,"30,462"
2023,11,Customers,Pune,Lv1_Visitors,"30,183"
2023,11,Customers,NCR,Lv3_Visitors,"26,969"
2023,11,Customers,Unknown,Lv5_Visitors,"25,321"
2023,11,Customers,Jaipur,Lv2_Visitors,"24,066"
2023,11,Customers,Pune,Lv2_Visitors,"24,111"
2023,11,Customers,Pune,Lv3_Visitors,"18,968"
2023,11,Customers,Jaipur,Lv3_Visitors,"16,225"
2023,11,Customers,Kochi,Lv1_Visitors,"17,564"
2023,11,Customers,Lucknow,Lv5_Visitors,"16,010"
2023,11,Customers,Kochi,Lv2_Visitors,"14,651"
2023,11,Customers,NCR,Lv4_Visitors,"15,065"
2023,11,Customers,Kochi,Lv3_Visitors,"12,862"
2023,11,Customers,Jaipur,Lv4_Visitors,"10,636"
2023,11,Customers,Pune,Lv4_Visitors,"14,978"
2023,11,Customers,Kochi,Lv4_Visitors,"11,396"
2023,11,Customers,NCR,Lv5_Visitors,"11,132"
2023,11,Customers,Pune,Lv5_Visitors,"10,936"
2023,11,Customers,Jaipur,Lv5_Visitors,"11,065"
2023,11,Customers,Kochi,Lv5_Visitors,"10,742"
2021,10,Customers,Unknown,Lv1_Visitors,"6,02,963"
2021,10,Customers,Unknown,Lv3_Visitors,"5,58,872"
2021,10,Customers,Unknown,Lv2_Visitors,
2021,10,Customers,Unknown,Lv4_Visitors,"2,44,258"
2021,10,Customers,Lucknow,Lv3_Visitors,"1,05,047"
2021,10,Customers,Lucknow,Lv1_Visitors,"1,03,835"
2021,10,Customers,Lucknow,Lv2_Visitors,"81,743"
2021,10,Customers,Unknown,Lv5_Visitors,"67,784"
2021,10,Customers,Lucknow,Lv4_Visitors,"53,477"
2021,10,Customers,Pune,Lv1_Visitors,"42,740"
2021,10,Customers,NCR,Lv3_Visitors,"39,201"
2021,10,Customers,Jaipur,Lv1_Visitors,"37,051"
2021,10,Customers,NCR,Lv1_Visitors,"36,901"
2021,10,Customers,Jaipur,Lv3_Visitors,"34,153"
2021,10,Customers,Pune,Lv2_Visitors,"33,496"
2021,10,Customers,NCR,Lv2_Visitors,"32,374"
2021,10,Customers,Pune,Lv3_Visitors,"32,527"
2021,10,Customers,Jaipur,Lv2_Visitors,"31,394"
2021,10,Customers,Lucknow,Lv5_Visitors,"24,912"
2021,10,Customers,NCR,Lv4_Visitors,"23,626"
2021,10,Customers,Jaipur,Lv4_Visitors,"19,937"
2021,10,Customers,Kochi,Lv1_Visitors,"18,325"
2021,10,Customers,Pune,Lv4_Visitors,"17,156"
2021,10,Customers,Kochi,Lv3_Visitors,"17,419"
2021,10,Customers,Kochi,Lv2_Visitors,"14,239"
2021,10,Customers,NCR,Lv5_Visitors,"15,980"
2021,10,Customers,Jaipur,Lv5_Visitors,"13,579"
2021,10,Customers,Pune,Lv5_Visitors,"12,932"
2021,10,Customers,Kochi,Lv4_Visitors,"11,629"
2021,10,Customers,Kochi,Lv5_Visitors,"10,286"
2022,10,Customers,Unknown,Lv1_Visitors,"4,76,369"
2022,10,Customers,Unknown,Lv2_Visitors,"3,49,880"
2022,10,Customers,Unknown,Lv3_Visitors,"3,31,570"
2022,10,Customers,Unknown,Lv4_Visitors,
2022,10,Customers,Lucknow,Lv1_Visitors,"87,963"
2022,10,Customers,Lucknow,Lv2_Visitors,"59,567"
2022,10,Customers,Lucknow,Lv3_Visitors,"61,507"
2022,10,Customers,NCR,Lv1_Visitors,"45,560"
2022,10,Customers,NCR,Lv2_Visitors,"38,678"
2022,10,Customers,NCR,Lv3_Visitors,"34,909"
2022,10,Customers,Jaipur,Lv1_Visitors,"36,170"
2022,10,Customers,Pune,Lv1_Visitors,"31,755"
2022,10,Customers,Lucknow,Lv4_Visitors,"32,335"
2022,10,Customers,Unknown,Lv5_Visitors,"31,382"
2022,10,Customers,Jaipur,Lv2_Visitors,"24,730"
2022,10,Customers,Pune,Lv2_Visitors,"23,647"
2022,10,Customers,Jaipur,Lv3_Visitors,"20,754"
2022,10,Customers,Pune,Lv3_Visitors,"19,912"
2022,10,Customers,Kochi,Lv1_Visitors,"19,553"
2022,10,Customers,NCR,Lv4_Visitors,"19,035"
2022,10,Customers,Kochi,Lv3_Visitors,"16,498"
2022,10,Customers,Kochi,Lv2_Visitors,"16,313"
2022,10,Customers,Lucknow,Lv5_Visitors,"16,881"
2022,10,Customers,Jaipur,Lv4_Visitors,"13,209"
2022,10,Customers,Kochi,Lv4_Visitors,"10,617"
2022,10,Customers,Pune,Lv4_Visitors,"11,307"
2022,10,Customers,NCR,Lv5_Visitors,"11,890"
2022,10,Customers,Kochi,Lv5_Visitors,"10,390"
2022,10,Customers,Jaipur,Lv5_Visitors,"10,425"
2022,10,Customers,Pune,Lv5_Visitors,"10,249"
2023,10,Customers,Unknown,Lv1_Visitors,"4,38,808"
2023,10,Customers,Unknown,Lv2_Visitors,"3,13,498"
2023,10,Customers,Unknown,Lv3_Visitors,"2,14,743"
2023,10,Customers,Lucknow,Lv1_Visitors,"80,564"
2023,10,Customers,Unknown,Lv4_Visitors,"65,576"
2023,10,Customers,Lucknow,Lv2_Visitors,"57,923"
2023,10,Customers,NCR,Lv1_Visitors,"52,342"
2023,10,Customers,Lucknow,Lv3_Visitors,"46,079"
2023,10,Customers,NCR,Lv2_Visitors,"38,626"
2023,10,Customers,Pune,Lv1_Visitors,"30,328"
2023,10,Customers,Jaipur,Lv1_Visitors,"30,604"
2023,10,Customers,NCR,Lv3_Visitors,"27,175"
2023,10,Customers,Lucknow,Lv4_Visitors,"25,334"
2023,10,Customers,Unknown,Lv5_Visitors,"24,447"
2023,10,Customers,Pune,Lv2_Visitors,"21,873"
2023,10,Customers,Jaipur,Lv2_Visitors,"21,522"
2023,10,Customers,Jaipur,Lv3_Visitors,"16,172"
2023,10,Customers,Pune,Lv3_Visitors,"17,316"
2023,10,Customers,Kochi,Lv1_Visitors,"15,289"
2023,10,Customers,Lucknow,Lv5_Visitors,"14,777"
2023,10,Customers,Kochi,Lv2_Visitors,"15,685"
2023,10,Customers,NCR,Lv4_Visitors,"13,345"
2023,10,Customers,Kochi,Lv3_Visitors,"12,629"
2023,10,Customers,Jaipur,Lv4_Visitors,"11,694"
2023,10,Customers,Pune,Lv4_Visitors,"10,784"
2023,10,Customers,NCR,Lv5_Visitors,"10,176"
2023,10,Customers,Kochi,Lv4_Visitors,"11,269"
2023,10,Customers,Jaipur,Lv5_Visitors,"11,205"
2023,10,Customers,Pune,Lv5_Visitors,"10,941"
2023,10,Customers,Kochi,Lv5_Visitors,"10,479"
2021,9,Customers,Unknown,Lv1_Visitors,"5,52,121"
2021,9,Customers,Unknown,Lv3_Visitors,"5,07,255"
2021,9,Customers,Unknown,Lv2_Visitors,"4,51,975"
2021,9,Customers,Unknown,Lv4_Visitors,"2,13,109"
2021,9,Customers,Lucknow,Lv1_Visitors,"97,350"
2021,9,Customers,Lucknow,Lv3_Visitors,"93,603"
2021,9,Customers,Lucknow,Lv2_Visitors,"75,923"
2021,9,Customers,Unknown,Lv5_Visitors,"56,383"
2021,9,Customers,Lucknow,Lv4_Visitors,"49,518"
2021,9,Customers,Pune,Lv1_Visitors,"38,857"
2021,9,Customers,Jaipur,Lv1_Visitors,"37,142"
2021,9,Customers,NCR,Lv3_Visitors,"37,542"
2021,9,Customers,NCR,Lv1_Visitors,"35,299"
2021,9,Customers,Jaipur,Lv3_Visitors,"34,231"
2021,9,Customers,Jaipur,Lv2_Visitors,"30,674"
2021,9,Customers,NCR,Lv2_Visitors,"30,920"
2021,9,Customers,Pune,Lv2_Visitors,"29,420"
2021,9,Customers,Pune,Lv3_Visitors,"27,537"
2021,9,Customers,NCR,Lv4_Visitors,
2021,9,Customers,Lucknow,Lv5_Visitors,"19,980"
2021,9,Customers,Jaipur,Lv4_Visitors,"18,972"
2021,9,Customers,Kochi,Lv1_Visitors,"18,322"
2021,9,Customers,Kochi,Lv3_Visitors,"16,596"
2021,9,Customers,Pune,Lv4_Visitors,"14,955"
2021,9,Customers,Kochi,Lv2_Visitors,"15,019"
2021,9,Customers,NCR,Lv5_Visitors,"12,180"
2021,9,Customers,Jaipur,Lv5_Visitors,"15,135"
2021,9,Customers,Pune,Lv5_Visitors,"12,640"
2021,9,Customers,Kochi,Lv4_Visitors,"12,582"
2021,9,Customers,Kochi,Lv5_Visitors,"11,221"
2022,9,Customers,Unknown,Lv1_Visitors,"5,12,691"
2022,9,Customers,Unknown,Lv2_Visitors,"3,91,399"
2022,9,Customers,Unknown,Lv3_Visitors,"3,65,342"
2022,9,Customers,Unknown,Lv4_Visitors,"1,44,651"
2022,9,Customers,Lucknow,Lv1_Visitors,"89,331"
2022,9,Customers,Lucknow,Lv2_Visitors,"66,974"
2022,9,Customers,Lucknow,Lv3_Visitors,"66,687"
2022,9,Customers,Unknown,Lv5_Visitors,"35,605"
2022,9,Customers,Jaipur,Lv1_Visitors,"33,228"
2022,9,Customers,NCR,Lv1_Visitors,"32,937"
2022,9,Customers,Lucknow,Lv4_Visitors,"32,263"
2022,9,Customers,Pune,Lv1_Visitors,"32,318"
2022,9,Customers,NCR,Lv3_Visitors,"28,770"
2022,9,Customers,NCR,Lv2_Visitors,"27,897"
2022,9,Customers,Jaipur,Lv2_Visitors,"24,852"
2022,9,Customers,Pune,Lv2_Visitors,
2022,9,Customers,Jaipur,Lv3_Visitors,"23,756"
2022,9,Customers,Pune,Lv3_Visitors,"21,561"
2022,9,Customers,Kochi,Lv1_Visitors,"20,582"
2022,9,Customers,Kochi,Lv3_Visitors,"18,349"
2022,9,Customers,Kochi,Lv2_Visitors,"16,448"
2022,9,Customers,NCR,Lv4_Visitors,"16,368"
2022,9,Customers,Lucknow,Lv5_Visitors,"15,527"
2022,9,Customers,Jaipur,Lv4_Visitors,"14,968"
2022,9,Customers,Pune,Lv4_Visitors,"11,747"
2022,9,Customers,Kochi,Lv4_Visitors,"12,269"
2022,9,Customers,NCR,Lv5_Visitors,"11,216"
2022,9,Customers,Jaipur,Lv5_Visitors,"10,571"
2022,9,Customers,Pune,Lv5_Visitors,"11,895"
2022,9,Customers,Kochi,Lv5_Visitors,"11,067"
2023,9,Customers,Unknown,Lv1_Visitors,"4,67,227"
2023,9,Customers,Unknown,Lv2_Visitors,"3,29,616"
2023,9,Customers,Unknown,Lv3_Visitors,"2,19,142"
2023,9,Customers,Lucknow,Lv1_Visitors,"93,029"
2023,9,Customers,Unknown,Lv4_Visitors,"65,958"
2023,9,Customers,Lucknow,Lv2_Visitors,"62,703"
2023,9,Customers,NCR,Lv1_Visitors,"47,470"
2023,9,Customers,Lucknow,Lv3_Visitors,"48,207"
2023,9,Customers,NCR,Lv2_Visitors,"36,761"
2023,9,Customers,Pune,Lv1_Visitors,"36,112"
2023,9,Customers,Jaipur,Lv1_Visitors,"28,337"
2023,9,Customers,Lucknow,Lv4_Visitors,"27,903"
2023,9,Customers,NCR,Lv3_Visitors,"24,937"
2023,9,Customers,Pune,Lv2_Visitors,"26,159"
2023,9,Customers,Unknown,Lv5_Visitors,"26,921"
2023,9,Customers,Jaipur,Lv2_Visitors,"22,574"
2023,9,Customers,Pune,Lv3_Visitors,"17,241"
2023,9,Customers,Kochi,Lv1_Visitors,"15,446"
2023,9,Customers,Jaipur,Lv3_Visitors,"14,985"
2023,9,Customers,Lucknow,Lv5_Visitors,"16,858"
2023,9,Customers,Kochi,Lv2_Visitors,"14,442"
2023,9,Customers,NCR,Lv4_Visitors,"14,938"
2023,9,Customers,Kochi,Lv3_Visitors,"13,266"
2023,9,Customers,Jaipur,Lv4_Visitors,"11,683"
2023,9,Customers,Pune,Lv4_Visitors,"11,815"
2023,9,Customers,NCR,Lv5_Visitors,"11,457"
2023,9,Customers,Kochi,Lv4_Visitors,"12,380"
2023,9,Customers,Jaipur,Lv5_Visitors,"11,013"
2023,9,Customers,Pune,Lv5_Visitors,"10,356"
2023,9,Customers,Kochi,Lv5_Visitors,"9,951"
2021,8,Customers,Unknown,Lv1_Visitors,"6,17,826"
2021,8,Customers,Unknown,Lv3_Visitors,"5,95,708"
2021,8,Customers,Unknown,Lv2_Visitors,"5,13,305"
2021,8,Customers,Unknown,Lv4_Visitors,"2,52,176"
2021,8,Customers,Lucknow,Lv3_Visitors,"1,13,564"
2021,8,Customers,Lucknow,Lv1_Visitors,"1,08,388"
2021,8,Customers,Lucknow,Lv2_Visitors,"85,290"
2021,8,Customers,Unknown,Lv5_Visitors,"67,560"
2021,8,Customers,Lucknow,Lv4_Visitors,"55,306"
2021,8,Customers,Jaipur,Lv1_Visitors,"45,697"
2021,8,Customers,Jaipur,Lv3_Visitors,"39,622"
2021,8,Customers,Pune,Lv1_Visitors,"37,840"
2021,8,Customers,NCR,Lv3_Visitors,"39,151"
2021,8,Customers,Jaipur,Lv2_Visitors,"35,967"
2021,8,Customers,NCR,Lv1_Visitors,"35,198"
2021,8,Customers,NCR,Lv2_Visitors,"32,151"
2021,8,Customers,Pune,Lv2_Visitors,"29,019"
2021,8,Customers,Pune,Lv3_Visitors,"27,990"
2021,8,Customers,Lucknow,Lv5_Visitors,"24,304"
2021,8,Customers,NCR,Lv4_Visitors,"22,717"
2021,8,Customers,Jaipur,Lv4_Visitors,"22,965"
2021,8,Customers,Kochi,Lv1_Visitors,"17,541"
2021,8,Customers,Pune,Lv4_Visitors,"17,020"
2021,8,Customers,Kochi,Lv3_Visitors,"18,125"
2021,8,Customers,Kochi,Lv2_Visitors,"15,300"
2021,8,Customers,Jaipur,Lv5_Visitors,"13,972"
2021,8,Customers,NCR,Lv5_Visitors,"12,720"
2021,8,Customers,Pune,Lv5_Visitors,"12,572"
2021,8,Customers,Kochi,Lv4_Visitors,"12,545"
2021,8,Customers,Kochi,Lv5_Visitors,"10,902"
2022,8,Customers,Unknown,Lv1_Visitors,"5,44,468"
2022,8,Customers,Unknown,Lv3_Visitors,"4,42,899"
2022,8,Customers,Unknown,Lv2_Visitors,"4,38,144"
2022,8,Customers,Unknown,Lv4_Visitors,"1,88,312"
2022,8,Customers,Lucknow,Lv1_Visitors,"89,560"
2022,8,Customers,Lucknow,Lv3_Visitors,"77,771"
2022,8,Customers,Lucknow,Lv2_Visitors,"73,173"
2022,8,Customers,Unknown,Lv5_Visitors,"48,213"
2022,8,Customers,Lucknow,Lv4_Visitors,"39,513"
2022,8,Customers,Pune,Lv1_Visitors,"39,145"
2022,8,Customers,NCR,Lv1_Visitors,"36,823"
2022,8,Customers,NCR,Lv3_Visitors,"35,236"
2022,8,Customers,NCR,Lv2_Visitors,"33,342"
2022,8,Customers,Jaipur,Lv1_Visitors,"28,973"
2022,8,Customers,Pune,Lv2_Visitors,"28,787"
2022,8,Customers,Pune,Lv3_Visitors,"27,329"
2022,8,Customers,Jaipur,Lv3_Visitors,"26,175"
2022,8,Customers,Jaipur,Lv2_Visitors,"24,553"
2022,8,Customers,NCR,Lv4_Visitors,"21,300"
2022,8,Customers,Kochi,Lv1_Visitors,"22,141"
2022,8,Customers,Lucknow,Lv5_Visitors,"18,045"
2022,8,Customers,Kochi,Lv3_Visitors,"17,662"
2022,8,Customers,Kochi,Lv2_Visitors,"14,138"
2022,8,Customers,Jaipur,Lv4_Visitors,"14,069"
2022,8,Customers,Pune,Lv4_Visitors,"15,248"
2022,8,Customers,NCR,Lv5_Visitors,"12,211"
2022,8,Customers,Kochi,Lv4_Visitors,"12,976"
2022,8,Customers,Pune,Lv5_Visitors,"11,936"
2022,8,Customers,Jaipur,Lv5_Visitors,"11,599"
2022,8,Customers,Kochi,Lv5_Visitors,"11,199"
2023,8,Customers,Unknown,Lv1_Visitors,"4,75,664"
2023,8,Customers,Unknown,Lv2_Visitors,"3,28,950"
2023,8,Customers,Unknown,Lv3_Visitors,"2,08,587"
2023,8,Customers,Lucknow,Lv1_Visitors,"97,939"
2023,8,Customers,Unknown,Lv4_Visitors,"68,163"
2023,8,Customers,Lucknow,Lv2_Visitors,"61,858"
2023,8,Customers,Pune,Lv1_Visitors,"51,372"
2023,8,Customers,Lucknow,Lv3_Visitors,"47,910"
2023,8,Customers,Pune,Lv2_Visitors,"37,326"
2023,8,Customers,NCR,Lv1_Visitors,"37,176"
2023,8,Customers,Jaipur,Lv1_Visitors,"30,037"
2023,8,Customers,NCR,Lv2_Visitors,"30,878"
2023,8,Customers,Lucknow,Lv4_Visitors,"25,939"
2023,8,Customers,Pune,Lv3_Visitors,"23,671"
2023,8,Customers,Jaipur,Lv2_Visitors,"24,602"
2023,8,Customers,Unknown,Lv5_Visitors,"24,135"
2023,8,Customers,NCR,Lv3_Visitors,"20,453"
2023,8,Customers,Jaipur,Lv3_Visitors,"18,254"
2023,8,Customers,Kochi,Lv1_Visitors,"17,389"
2023,8,Customers,Pune,Lv4_Visitors,"15,583"
2023,8,Customers,Lucknow,Lv5_Visitors,"16,205"
2023,8,Customers,Kochi,Lv2_Visitors,"14,452"
2023,8,Customers,Jaipur,Lv4_Visitors,"12,929"
2023,8,Customers,NCR,Lv4_Visitors,"13,442"
2023,8,Customers,Kochi,Lv3_Visitors,"10,751"
2023,8,Customers,Kochi,Lv4_Visitors,"11,632"
2023,8,Customers,Jaipur,Lv5_Visitors,"11,298"
2023,8,Customers,Pune,Lv5_Visitors,"10,294"
2023,8,Customers,NCR,Lv5_Visitors,"10,314"
2023,8,Customers,Kochi,Lv5_Visitors,"10,609"
2021,7,Customers,Unknown,Lv1_Visitors,"6,83,496"
2021,7,Customers,Unknown,Lv3_Visitors,"6,69,497"
2021,7,Customers,Unknown,Lv2_Visitors,"5,73,935"
2021,7,Customers,Unknown,Lv4_Visitors,"2,93,750"
2021,7,Customers,Lucknow,Lv3_Visitors,"1,33,967"
2021,7,Customers,Lucknow,Lv1_Visitors,"1,24,436"
2021,7,Customers,Lucknow,Lv2_Visitors,"98,332"
2021,7,Customers,Unknown,Lv5_Visitors,"79,062"
2021,7,Customers,Lucknow,Lv4_Visitors,"69,793"
2021,7,Customers,Jaipur,Lv1_Visitors,"45,364"
2021,7,Customers,Pune,Lv1_Visitors,"43,544"
2021,7,Customers,NCR,Lv3_Visitors,"42,117"
2021,7,Customers,Jaipur,Lv3_Visitors,"41,947"
2021,7,Customers,NCR,Lv1_Visitors,"37,430"
2021,7,Customers,Jaipur,Lv2_Visitors,"37,852"
2021,7,Customers,Pune,Lv2_Visitors,"34,211"
2021,7,Customers,NCR,Lv2_Visitors,"35,085"
2021,7,Customers,Pune,Lv3_Visitors,"34,149"
2021,7,Customers,Lucknow,Lv5_Visitors,"29,178"
2021,7,Customers,NCR,Lv4_Visitors,"24,494"
2021,7,Customers,Jaipur,Lv4_Visitors,"23,221"
2021,7,Customers,Pune,Lv4_Visitors,"17,508"
2021,7,Customers,Kochi,Lv1_Visitors,"15,647"
2021,7,Customers,Kochi,Lv3_Visitors,"14,194"
2021,7,Customers,NCR,Lv5_Visitors,"15,766"
2021,7,Customers,Jaipur,Lv5_Visitors,"15,438"
2021,7,Customers,Kochi,Lv2_Visitors,"15,175"
2021,7,Customers,Pune,Lv5_Visitors,"13,254"
2021,7,Customers,Kochi,Lv4_Visitors,"12,401"
2021,7,Customers,Kochi,Lv5_Visitors,"11,072"
2022,7,Customers,Unknown,Lv1_Visitors,"5,73,209"
2022,7,Customers,Unknown,Lv3_Visitors,"4,79,534"
2022,7,Customers,Unknown,Lv2_Visitors,"4,57,602"
2022,7,Customers,Unknown,Lv4_Visitors,"1,97,507"
2022,7,Customers,Lucknow,Lv1_Visitors,"81,956"
2022,7,Customers,Lucknow,Lv3_Visitors,"69,026"
2022,7,Customers,Lucknow,Lv2_Visitors,"60,697"
2022,7,Customers,Unknown,Lv5_Visitors,"51,709"
2022,7,Customers,NCR,Lv1_Visitors,"38,602"
2022,7,Customers,Pune,Lv1_Visitors,"40,462"
2022,7,Customers,NCR,Lv3_Visitors,"41,240"
2022,7,Customers,Lucknow,Lv4_Visitors,"35,659"
2022,7,Customers,NCR,Lv2_Visitors,"35,017"
2022,7,Customers,Pune,Lv2_Visitors,"32,591"
2022,7,Customers,Jaipur,Lv1_Visitors,"29,689"
2022,7,Customers,Pune,Lv3_Visitors,"28,522"
2022,7,Customers,Jaipur,Lv3_Visitors,"26,230"
2022,7,Customers,Jaipur,Lv2_Visitors,
2022,7,Customers,NCR,Lv4_Visitors,"23,467"
2022,7,Customers,Kochi,Lv1_Visitors,"18,210"
2022,7,Customers,Kochi,Lv3_Visitors,"15,976"
2022,7,Customers,Lucknow,Lv5_Visitors,"16,741"
2022,7,Customers,Jaipur,Lv4_Visitors,"17,069"
2022,7,Customers,Pune,Lv4_Visitors,"16,252"
2022,7,Customers,Kochi,Lv2_Visitors,"14,802"
2022,7,Customers,NCR,Lv5_Visitors,"15,268"
2022,7,Customers,Kochi,Lv4_Visitors,"12,364"
2022,7,Customers,Jaipur,Lv5_Visitors,"13,740"
2022,7,Customers,Pune,Lv5_Visitors,"11,728"
2022,7,Customers,Kochi,Lv5_Visitors,"11,634"
2023,7,Customers,Unknown,Lv1_Visitors,"5,16,514"
2023,7,Customers,Unknown,Lv2_Visitors,"3,36,651"
2023,7,Customers,Unknown,Lv3_Visitors,"2,03,108"
2023,7,Customers,Lucknow,Lv1_Visitors,"1,29,954"
2023,7,Customers,Lucknow,Lv2_Visitors,"67,065"
2023,7,Customers,Unknown,Lv4_Visitors,"56,232"
2023,7,Customers,Lucknow,Lv3_Visitors,"47,174"
2023,7,Customers,Pune,Lv1_Visitors,"46,915"
2023,7,Customers,Jaipur,Lv1_Visitors,"39,541"
2023,7,Customers,NCR,Lv1_Visitors,"36,420"
2023,7,Customers,Pune,Lv2_Visitors,"34,914"
2023,7,Customers,Jaipur,Lv2_Visitors,"28,463"
2023,7,Customers,NCR,Lv2_Visitors,"25,724"
2023,7,Customers,Lucknow,Lv4_Visitors,"27,074"
2023,7,Customers,Unknown,Lv5_Visitors,"24,256"
2023,7,Customers,NCR,Lv3_Visitors,"20,733"
2023,7,Customers,Pune,Lv3_Visitors,"20,793"
2023,7,Customers,Jaipur,Lv3_Visitors,"18,290"
2023,7,Customers,Kochi,Lv1_Visitors,"16,229"
2023,7,Customers,Lucknow,Lv5_Visitors,"13,374"
2023,7,Customers,Kochi,Lv2_Visitors,"15,514"
2023,7,Customers,Kochi,Lv3_Visitors,"15,521"
2023,7,Customers,Pune,Lv4_Visitors,"13,236"
2023,7,Customers,NCR,Lv4_Visitors,"12,611"
2023,7,Customers,Jaipur,Lv4_Visitors,"11,182"
2023,7,Customers,Kochi,Lv4_Visitors,"10,812"
2023,7,Customers,Pune,Lv5_Visitors,"11,041"
2023,7,Customers,NCR,Lv5_Visitors,"9,825"
2023,7,Customers,Jaipur,Lv5_Visitors,"10,178"
2023,7,Customers,Kochi,Lv5_Visitors,"9,351"
2021,6,Customers,Unknown,Lv3_Visitors,"7,22,323"
2021,6,Customers,Unknown,Lv1_Visitors,"7,22,924"
2021,6,Customers,Unknown,Lv2_Visitors,"6,00,234"
2021,6,Customers,Unknown,Lv4_Visitors,"3,31,135"
2021,6,Customers,Lucknow,Lv3_Visitors,"1,52,718"
2021,6,Customers,Lucknow,Lv1_Visitors,"1,44,204"
2021,6,Customers,Lucknow,Lv2_Visitors,"1,16,234"
2021,6,Customers,Unknown,Lv5_Visitors,"88,051"
2021,6,Customers,Lucknow,Lv4_Visitors,"78,723"
2021,6,Customers,NCR,Lv3_Visitors,"55,076"
2021,6,Customers,Jaipur,Lv3_Visitors,"46,580"
2021,6,Customers,NCR,Lv1_Visitors,"46,655"
2021,6,Customers,Jaipur,Lv1_Visitors,"45,277"
2021,6,Customers,Pune,Lv1_Visitors,"44,280"
2021,6,Customers,NCR,Lv2_Visitors,"43,379"
2021,6,Customers,Pune,Lv3_Visitors,"37,715"
2021,6,Customers,Jaipur,Lv2_Visitors,"35,376"
2021,6,Customers,Pune,Lv2_Visitors,"34,900"
2021,6,Customers,Lucknow,Lv5_Visitors,"34,336"
2021,6,Customers,NCR,Lv4_Visitors,"33,157"
2021,6,Customers,Jaipur,Lv4_Visitors,"23,974"
2021,6,Customers,Pune,Lv4_Visitors,
2021,6,Customers,Kochi,Lv1_Visitors,"19,048"
2021,6,Customers,Kochi,Lv3_Visitors,"16,908"
2021,6,Customers,NCR,Lv5_Visitors,"17,088"
2021,6,Customers,Jaipur,Lv5_Visitors,"15,684"
2021,6,Customers,Kochi,Lv2_Visitors,"16,335"
2021,6,Customers,Pune,Lv5_Visitors,"14,005"
2021,6,Customers,Kochi,Lv4_Visitors,"11,744"
2021,6,Customers,Kochi,Lv5_Visitors,"11,194"
2022,6,Customers,Unknown,Lv1_Visitors,"6,18,612"
2022,6,Customers,Unknown,Lv3_Visitors,"5,24,307"
2022,6,Customers,Unknown,Lv2_Visitors,"5,03,077"
2022,6,Customers,Unknown,Lv4_Visitors,"2,12,323"
2022,6,Customers,Lucknow,Lv1_Visitors,"99,775"
2022,6,Customers,Lucknow,Lv3_Visitors,"91,998"
2022,6,Customers,Lucknow,Lv2_Visitors,"75,576"
2022,6,Customers,Unknown,Lv5_Visitors,"57,177"
2022,6,Customers,Lucknow,Lv4_Visitors,"46,713"
2022,6,Customers,Pune,Lv1_Visitors,"38,475"
2022,6,Customers,Jaipur,Lv1_Visitors,"33,008"
2022,6,Customers,NCR,Lv3_Visitors,"33,276"
2022,6,Customers,NCR,Lv1_Visitors,"31,945"
2022,6,Customers,Pune,Lv3_Visitors,"32,043"
2022,6,Customers,Pune,Lv2_Visitors,"31,152"
2022,6,Customers,Jaipur,Lv3_Visitors,"32,710"
2022,6,Customers,NCR,Lv2_Visitors,"29,974"
2022,6,Customers,Jaipur,Lv2_Visitors,"29,034"
2022,6,Customers,NCR,Lv4_Visitors,"22,668"
2022,6,Customers,Lucknow,Lv5_Visitors,"21,143"
2022,6,Customers,Jaipur,Lv4_Visitors,"18,350"
2022,6,Customers,Pune,Lv4_Visitors,"18,097"
2022,6,Customers,Kochi,Lv1_Visitors,"17,126"
2022,6,Customers,Kochi,Lv3_Visitors,"17,390"
2022,6,Customers,Kochi,Lv2_Visitors,"15,775"
2022,6,Customers,NCR,Lv5_Visitors,"13,836"
2022,6,Customers,Pune,Lv5_Visitors,"14,721"
2022,6,Customers,Jaipur,Lv5_Visitors,"11,920"
2022,6,Customers,Kochi,Lv4_Visitors,"10,725"
2022,6,Customers,Kochi,Lv5_Visitors,"9,348"
2023,6,Customers,Unknown,Lv1_Visitors,"5,14,825"
2023,6,Customers,Unknown,Lv2_Visitors,"3,51,252"
2023,6,Customers,Unknown,Lv3_Visitors,"2,11,477"
2023,6,Customers,Lucknow,Lv1_Visitors,"1,01,761"
2023,6,Customers,Unknown,Lv4_Visitors,"67,802"
2023,6,Customers,Lucknow,Lv2_Visitors,"60,933"
2023,6,Customers,Lucknow,Lv3_Visitors,"48,392"
2023,6,Customers,Pune,Lv1_Visitors,"48,329"
2023,6,Customers,Jaipur,Lv1_Visitors,"40,732"
2023,6,Customers,NCR,Lv1_Visitors,"36,842"
2023,6,Customers,Pune,Lv2_Visitors,"34,945"
2023,6,Customers,Jaipur,Lv2_Visitors,"27,856"
2023,6,Customers,NCR,Lv2_Visitors,"27,990"
2023,6,Customers,Lucknow,Lv4_Visitors,"26,978"
2023,6,Customers,Unknown,Lv5_Visitors,"24,571"
2023,6,Customers,NCR,Lv3_Visitors,"22,298"
2023,6,Customers,Pune,Lv3_Visitors,"19,255"
2023,6,Customers,Jaipur,Lv3_Visitors,"17,046"
2023,6,Customers,Kochi,Lv1_Visitors,"16,899"
2023,6,Customers,Lucknow,Lv5_Visitors,"13,913"
2023,6,Customers,Kochi,Lv2_Visitors,"15,079"
2023,6,Customers,NCR,Lv4_Visitors,"13,255"
2023,6,Customers,Kochi,Lv3_Visitors,"13,158"
2023,6,Customers,Pune,Lv4_Visitors,"14,004"
2023,6,Customers,Jaipur,Lv4_Visitors,"11,392"
2023,6,Customers,Kochi,Lv4_Visitors,"9,237"
2023,6,Customers,Pune,Lv5_Visitors,"11,826"
2023,6,Customers,NCR,Lv5_Visitors,"10,664"
2023,6,Customers,Jaipur,Lv5_Visitors,"10,888"
2023,6,Customers,Kochi,Lv5_Visitors,"10,338"
2021,5,Customers,Unknown,Lv1_Visitors,"6,99,580"
2021,5,Customers,Unknown,Lv3_Visitors,"6,54,190"
2021,5,Customers,Unknown,Lv2_Visitors,"5,64,654"
2021,5,Customers,Unknown,Lv4_Visitors,"2,97,811"
2021,5,Customers,Lucknow,Lv1_Visitors,"1,75,504"
2021,5,Customers,Lucknow,Lv3_Visitors,"1,55,391"
2021,5,Customers,Lucknow,Lv2_Visitors,"1,32,897"
2021,5,Customers,Unknown,Lv5_Visitors,"79,095"
2021,5,Customers,Lucknow,Lv4_Visitors,"79,099"
2021,5,Customers,Pune,Lv1_Visitors,"48,190"
2021,5,Customers,Pune,Lv3_Visitors,"46,143"
2021,5,Customers,Jaipur,Lv1_Visitors,"40,086"
2021,5,Customers,Jaipur,Lv3_Visitors,"38,448"
2021,5,Customers,Pune,Lv2_Visitors,"37,983"
2021,5,Customers,NCR,Lv3_Visitors,"37,072"
2021,5,Customers,Jaipur,Lv2_Visitors,"32,143"
2021,5,Customers,Lucknow,Lv5_Visitors,"34,016"
2021,5,Customers,NCR,Lv1_Visitors,"31,473"
2021,5,Customers,NCR,Lv2_Visitors,"27,448"
2021,5,Customers,NCR,Lv4_Visitors,"22,765"
2021,5,Customers,Pune,Lv4_Visitors,"23,147"
2021,5,Customers,Jaipur,Lv4_Visitors,"20,893"
2021,5,Customers,Kochi,Lv3_Visitors,"19,592"
2021,5,Customers,Kochi,Lv1_Visitors,"19,536"
2021,5,Customers,Kochi,Lv2_Visitors,"13,775"
2021,5,Customers,Pune,Lv5_Visitors,"16,711"
2021,5,Customers,Jaipur,Lv5_Visitors,"15,643"
2021,5,Customers,NCR,Lv5_Visitors,"13,156"
2021,5,Customers,Kochi,Lv4_Visitors,"11,919"
2021,5,Customers,Kochi,Lv5_Visitors,"11,811"
2022,5,Customers,Unknown,Lv1_Visitors,"6,52,943"
2022,5,Customers,Unknown,Lv3_Visitors,"5,41,661"
2022,5,Customers,Unknown,Lv2_Visitors,"5,30,791"
2022,5,Customers,Unknown,Lv4_Visitors,"2,29,362"
2022,5,Customers,Lucknow,Lv1_Visitors,"1,05,111"
2022,5,Customers,Lucknow,Lv3_Visitors,"95,851"
2022,5,Customers,Lucknow,Lv2_Visitors,"80,529"
2022,5,Customers,Unknown,Lv5_Visitors,"67,094"
2022,5,Customers,Lucknow,Lv4_Visitors,"49,844"
2022,5,Customers,NCR,Lv1_Visitors,"44,819"
2022,5,Customers,NCR,Lv3_Visitors,"43,919"
2022,5,Customers,Pune,Lv1_Visitors,"42,077"
2022,5,Customers,NCR,Lv2_Visitors,"39,718"
2022,5,Customers,Jaipur,Lv1_Visitors,"35,454"
2022,5,Customers,Pune,Lv2_Visitors,"33,172"
2022,5,Customers,Jaipur,Lv3_Visitors,"30,915"
2022,5,Customers,Pune,Lv3_Visitors,"31,246"
2022,5,Customers,Jaipur,Lv2_Visitors,"30,591"
2022,5,Customers,NCR,Lv4_Visitors,"26,431"
2022,5,Customers,Lucknow,Lv5_Visitors,"22,475"
2022,5,Customers,Jaipur,Lv4_Visitors,"20,828"
2022,5,Customers,Pune,Lv4_Visitors,"16,648"
2022,5,Customers,Kochi,Lv1_Visitors,"18,170"
2022,5,Customers,Kochi,Lv3_Visitors,"16,101"
2022,5,Customers,NCR,Lv5_Visitors,"16,550"
2022,5,Customers,Kochi,Lv2_Visitors,"14,773"
2022,5,Customers,Jaipur,Lv5_Visitors,"12,360"
2022,5,Customers,Pune,Lv5_Visitors,"14,297"
2022,5,Customers,Kochi,Lv4_Visitors,"11,155"
2022,5,Customers,Kochi,Lv5_Visitors,"12,223"
2023,5,Customers,Unknown,Lv1_Visitors,"4,82,510"
2023,5,Customers,Unknown,Lv2_Visitors,"3,42,292"
2023,5,Customers,Unknown,Lv3_Visitors,"2,28,577"
2023,5,Customers,Lucknow,Lv1_Visitors,"1,07,412"
2023,5,Customers,Unknown,Lv4_Visitors,"86,737"
2023,5,Customers,Lucknow,Lv2_Visitors,"67,065"
2023,5,Customers,Lucknow,Lv3_Visitors,"53,014"
2023,5,Customers,NCR,Lv1_Visitors,"34,369"
2023,5,Customers,Pune,Lv1_Visitors,"32,993"
2023,5,Customers,Jaipur,Lv1_Visitors,"32,201"
2023,5,Customers,Lucknow,Lv4_Visitors,"28,804"
2023,5,Customers,Unknown,Lv5_Visitors,"28,402"
2023,5,Customers,NCR,Lv2_Visitors,"27,294"
2023,5,Customers,Pune,Lv2_Visitors,"23,409"
2023,5,Customers,NCR,Lv3_Visitors,"24,734"
2023,5,Customers,Jaipur,Lv2_Visitors,"23,789"
2023,5,Customers,Pune,Lv3_Visitors,"18,719"
2023,5,Customers,Jaipur,Lv3_Visitors,"19,674"
2023,5,Customers,Lucknow,Lv5_Visitors,"17,607"
2023,5,Customers,Kochi,Lv1_Visitors,"14,288"
2023,5,Customers,NCR,Lv4_Visitors,"14,882"
2023,5,Customers,Kochi,Lv2_Visitors,"13,553"
2023,5,Customers,Jaipur,Lv4_Visitors,"13,160"
2023,5,Customers,Kochi,Lv3_Visitors,"12,481"
2023,5,Customers,Pune,Lv4_Visitors,"14,406"
2023,5,Customers,Kochi,Lv4_Visitors,"12,413"
2023,5,Customers,Pune,Lv5_Visitors,"11,487"
2023,5,Customers,NCR,Lv5_Visitors,"10,653"
2023,5,Customers,Jaipur,Lv5_Visitors,"9,841"
2023,5,Customers,Kochi,Lv5_Visitors,"10,932"
2021,4,Customers,Unknown,Lv1_Visitors,"5,27,444"
2021,4,Customers,Unknown,Lv3_Visitors,"5,16,715"
2021,4,Customers,Unknown,Lv2_Visitors,"4,23,681"
2021,4,Customers,Unknown,Lv4_Visitors,"2,33,571"
2021,4,Customers,Lucknow,Lv3_Visitors,"1,15,010"
2021,4,Customers,Lucknow,Lv1_Visitors,"1,05,919"
2021,4,Customers,Lucknow,Lv2_Visitors,"82,702"
2021,4,Customers,Unknown,Lv5_Visitors,"64,672"
2021,4,Customers,Lucknow,Lv4_Visitors,"55,949"
2021,4,Customers,Pune,Lv1_Visitors,"43,997"
2021,4,Customers,Pune,Lv3_Visitors,"39,617"
2021,4,Customers,Jaipur,Lv1_Visitors,"37,930"
2021,4,Customers,Jaipur,Lv3_Visitors,"38,062"
2021,4,Customers,Pune,Lv2_Visitors,"33,166"
2021,4,Customers,Jaipur,Lv2_Visitors,"32,455"
2021,4,Customers,NCR,Lv3_Visitors,"28,911"
2021,4,Customers,Lucknow,Lv5_Visitors,"24,330"
2021,4,Customers,NCR,Lv1_Visitors,"26,534"
2021,4,Customers,NCR,Lv2_Visitors,"24,301"
2021,4,Customers,Jaipur,Lv4_Visitors,"21,089"
2021,4,Customers,Pune,Lv4_Visitors,"20,622"
2021,4,Customers,NCR,Lv4_Visitors,"19,833"
2021,4,Customers,Kochi,Lv1_Visitors,"17,119"
2021,4,Customers,Kochi,Lv3_Visitors,"17,925"
2021,4,Customers,Pune,Lv5_Visitors,"16,244"
2021,4,Customers,Kochi,Lv2_Visitors,"15,003"
2021,4,Customers,Jaipur,Lv5_Visitors,"12,203"
2021,4,Customers,NCR,Lv5_Visitors,"13,593"
2021,4,Customers,Kochi,Lv4_Visitors,"12,013"
2021,4,Customers,Kochi,Lv5_Visitors,"11,578"
2022,4,Customers,Unknown,Lv1_Visitors,"7,94,806"
2022,4,Customers,Unknown,Lv2_Visitors,"6,60,360"
2022,4,Customers,Unknown,Lv3_Visitors,"6,47,986"
2022,4,Customers,Unknown,Lv4_Visitors,"3,03,997"
2022,4,Customers,Lucknow,Lv1_Visitors,"1,28,164"
2022,4,Customers,Lucknow,Lv3_Visitors,"1,04,976"
2022,4,Customers,Lucknow,Lv2_Visitors,"1,02,453"
2022,4,Customers,Unknown,Lv5_Visitors,"95,834"
2022,4,Customers,Lucknow,Lv4_Visitors,"55,567"
2022,4,Customers,NCR,Lv1_Visitors,"50,785"
2022,4,Customers,Pune,Lv1_Visitors,"52,349"
2022,4,Customers,Jaipur,Lv1_Visitors,"47,426"
2022,4,Customers,NCR,Lv3_Visitors,"50,419"
2022,4,Customers,NCR,Lv2_Visitors,"43,898"
2022,4,Customers,Jaipur,Lv3_Visitors,"41,766"
2022,4,Customers,Pune,Lv2_Visitors,"41,806"
2022,4,Customers,Jaipur,Lv2_Visitors,"40,218"
2022,4,Customers,Pune,Lv3_Visitors,"38,786"
2022,4,Customers,NCR,Lv4_Visitors,"31,170"
2022,4,Customers,Jaipur,Lv4_Visitors,"26,863"
2022,4,Customers,Lucknow,Lv5_Visitors,"26,409"
2022,4,Customers,Pune,Lv4_Visitors,"22,966"
2022,4,Customers,Kochi,Lv1_Visitors,"20,022"
2022,4,Customers,Kochi,Lv3_Visitors,"18,671"
2022,4,Customers,NCR,Lv5_Visitors,"18,903"
2022,4,Customers,Kochi,Lv2_Visitors,"17,341"
2022,4,Customers,Jaipur,Lv5_Visitors,"16,315"
2022,4,Customers,Pune,Lv5_Visitors,"16,162"
2022,4,Customers,Kochi,Lv4_Visitors,"16,111"
2022,4,Customers,Kochi,Lv5_Visitors,"13,333"
2023,4,Customers,Unknown,Lv1_Visitors,"5,87,189"
2023,4,Customers,Unknown,Lv2_Visitors,"4,10,492"
2023,4,Customers,Unknown,Lv3_Visitors,"2,64,879"
2023,4,Customers,Lucknow,Lv1_Visitors,"1,16,367"
2023,4,Customers,Unknown,Lv4_Visitors,"1,00,557"
2023,4,Customers,Lucknow,Lv2_Visitors,"71,845"
2023,4,Customers,Lucknow,Lv3_Visitors,"53,254"
2023,4,Customers,NCR,Lv1_Visitors,"53,571"
2023,4,Customers,Pune,Lv1_Visitors,"48,399"
2023,4,Customers,Jaipur,Lv1_Visitors,"41,788"
2023,4,Customers,NCR,Lv2_Visitors,"38,583"
2023,4,Customers,NCR,Lv3_Visitors,"33,681"
2023,4,Customers,Pune,Lv2_Visitors,"31,543"
2023,4,Customers,Lucknow,Lv4_Visitors,"33,040"
2023,4,Customers,Unknown,Lv5_Visitors,"31,048"
2023,4,Customers,Jaipur,Lv2_Visitors,"26,480"
2023,4,Customers,Jaipur,Lv3_Visitors,"22,645"
2023,4,Customers,Pune,Lv3_Visitors,"20,034"
2023,4,Customers,Kochi,Lv1_Visitors,"17,690"
2023,4,Customers,Lucknow,Lv5_Visitors,"15,572"
2023,4,Customers,NCR,Lv4_Visitors,"16,003"
2023,4,Customers,Kochi,Lv2_Visitors,"16,164"
2023,4,Customers,Kochi,Lv3_Visitors,"11,336"
2023,4,Customers,Jaipur,Lv4_Visitors,"13,812"
2023,4,Customers,Pune,Lv4_Visitors,"14,081"
2023,4,Customers,NCR,Lv5_Visitors,"10,746"
2023,4,Customers,Kochi,Lv4_Visitors,"12,391"
2023,4,Customers,Pune,Lv5_Visitors,"11,791"
2023,4,Customers,Jaipur,Lv5_Visitors,"12,309"
2023,4,Customers,Kochi,Lv5_Visitors,"10,138"
2021,3,Customers,Unknown,Lv1_Visitors,"4,71,469"
2021,3,Customers,Unknown,Lv3_Visitors,"4,45,845"
2021,3,Customers,Unknown,Lv2_Visitors,"3,71,585"
2021,3,Customers,Unknown,Lv4_Visitors,"1,96,887"
2021,3,Customers,Lucknow,Lv3_Visitors,"1,14,780"
2021,3,Customers,Lucknow,Lv1_Visitors,"1,09,462"
2021,3,Customers,Lucknow,Lv2_Visitors,"81,778"
2021,3,Customers,Lucknow,Lv4_Visitors,"58,647"
2021,3,Customers,Unknown,Lv5_Visitors,"54,986"
2021,3,Customers,Jaipur,Lv1_Visitors,"33,370"
2021,3,Customers,Pune,Lv1_Visitors,"34,554"
2021,3,Customers,Jaipur,Lv3_Visitors,"33,840"
2021,3,Customers,Pune,Lv3_Visitors,"32,353"
2021,3,Customers,Jaipur,Lv2_Visitors,"29,961"
2021,3,Customers,Pune,Lv2_Visitors,"28,719"
2021,3,Customers,NCR,Lv3_Visitors,"27,467"
2021,3,Customers,Lucknow,Lv5_Visitors,"26,798"
2021,3,Customers,NCR,Lv1_Visitors,"24,809"
2021,3,Customers,NCR,Lv2_Visitors,"21,012"
2021,3,Customers,Jaipur,Lv4_Visitors,"17,954"
2021,3,Customers,NCR,Lv4_Visitors,"16,148"
2021,3,Customers,Pune,Lv4_Visitors,"16,824"
2021,3,Customers,Kochi,Lv1_Visitors,"16,892"
2021,3,Customers,Kochi,Lv3_Visitors,"16,749"
2021,3,Customers,Kochi,Lv2_Visitors,"12,948"
2021,3,Customers,Jaipur,Lv5_Visitors,"12,713"
2021,3,Customers,Pune,Lv5_Visitors,"13,762"
2021,3,Customers,NCR,Lv5_Visitors,"12,835"
2021,3,Customers,Kochi,Lv4_Visitors,"10,631"
2021,3,Customers,Kochi,Lv5_Visitors,"11,819"
2022,3,Customers,Unknown,Lv1_Visitors,"6,85,217"
2022,3,Customers,Unknown,Lv3_Visitors,"5,62,398"
2022,3,Customers,Unknown,Lv2_Visitors,
2022,3,Customers,Unknown,Lv4_Visitors,"2,67,111"
2022,3,Customers,Lucknow,Lv1_Visitors,"1,24,120"
2022,3,Customers,Lucknow,Lv3_Visitors,"97,028"
2022,3,Customers,Lucknow,Lv2_Visitors,"98,140"
2022,3,Customers,Unknown,Lv5_Visitors,"83,616"
2022,3,Customers,Lucknow,Lv4_Visitors,"52,816"
2022,3,Customers,Pune,Lv1_Visitors,"48,561"
2022,3,Customers,Jaipur,Lv1_Visitors,"48,053"
2022,3,Customers,NCR,Lv1_Visitors,"43,143"
2022,3,Customers,NCR,Lv3_Visitors,"42,712"
2022,3,Customers,Jaipur,Lv3_Visitors,"38,279"
2022,3,Customers,Pune,Lv2_Visitors,"39,770"
2022,3,Customers,Jaipur,Lv2_Visitors,"40,071"
2022,3,Customers,NCR,Lv2_Visitors,"38,713"
2022,3,Customers,Pune,Lv3_Visitors,"37,073"
2022,3,Customers,NCR,Lv4_Visitors,"28,391"
2022,3,Customers,Jaipur,Lv4_Visitors,"29,707"
2022,3,Customers,Lucknow,Lv5_Visitors,"25,775"
2022,3,Customers,Pune,Lv4_Visitors,"23,111"
2022,3,Customers,Kochi,Lv1_Visitors,"17,972"
2022,3,Customers,Kochi,Lv3_Visitors,"18,994"
2022,3,Customers,NCR,Lv5_Visitors,"15,840"
2022,3,Customers,Kochi,Lv2_Visitors,"17,355"
2022,3,Customers,Jaipur,Lv5_Visitors,"16,147"
2022,3,Customers,Pune,Lv5_Visitors,"15,297"
2022,3,Customers,Kochi,Lv4_Visitors,"14,240"
2022,3,Customers,Kochi,Lv5_Visitors,"12,362"
2023,3,Customers,Unknown,Lv1_Visitors,"4,22,330"
2023,3,Customers,Unknown,Lv2_Visitors,"2,91,074"
2023,3,Customers,Unknown,Lv3_Visitors,"2,37,989"
2023,3,Customers,Lucknow,Lv1_Visitors,"1,10,634"
2023,3,Customers,Unknown,Lv4_Visitors,"1,02,543"
2023,3,Customers,Lucknow,Lv2_Visitors,"67,968"
2023,3,Customers,Lucknow,Lv3_Visitors,"57,694"
2023,3,Customers,Pune,Lv1_Visitors,"41,183"
2023,3,Customers,Jaipur,Lv1_Visitors,"36,919"
2023,3,Customers,Lucknow,Lv4_Visitors,"34,243"
2023,3,Customers,Unknown,Lv5_Visitors,"31,792"
2023,3,Customers,Pune,Lv2_Visitors,"28,743"
2023,3,Customers,NCR,Lv1_Visitors,"29,331"
2023,3,Customers,Jaipur,Lv2_Visitors,"26,016"
2023,3,Customers,NCR,Lv2_Visitors,"22,875"
2023,3,Customers,Pune,Lv3_Visitors,"20,719"
2023,3,Customers,Jaipur,Lv3_Visitors,"19,822"
2023,3,Customers,NCR,Lv3_Visitors,"18,530"
2023,3,Customers,Lucknow,Lv5_Visitors,"17,037"
2023,3,Customers,Kochi,Lv1_Visitors,"17,468"
2023,3,Customers,Kochi,Lv2_Visitors,"14,805"
2023,3,Customers,NCR,Lv4_Visitors,"14,732"
2023,3,Customers,Jaipur,Lv4_Visitors,"12,425"
2023,3,Customers,Pune,Lv4_Visitors,"14,258"
2023,3,Customers,Kochi,Lv3_Visitors,"13,911"
2023,3,Customers,Pune,Lv5_Visitors,"11,381"
2023,3,Customers,Kochi,Lv4_Visitors,"10,708"
2023,3,Customers,Jaipur,Lv5_Visitors,"10,982"
2023,3,Customers,NCR,Lv5_Visitors,"11,012"
2023,3,Customers,Kochi,Lv5_Visitors,"10,610"
2021,2,Customers,Unknown,Lv1_Visitors,"4,34,994"
2021,2,Customers,Unknown,Lv3_Visitors,"3,82,491"
2021,2,Customers,Unknown,Lv2_Visitors,"3,36,975"
2021,2,Customers,Unknown,Lv4_Visitors,"1,67,530"
2021,2,Customers,Lucknow,Lv3_Visitors,"1,17,000"
2021,2,Customers,Lucknow,Lv1_Visitors,"1,12,349"
2021,2,Customers,Lucknow,Lv2_Visitors,"85,557"
2021,2,Customers,Lucknow,Lv4_Visitors,"57,483"
2021,2,Customers,Unknown,Lv5_Visitors,"52,244"
2021,2,Customers,Pune,Lv1_Visitors,"38,781"
2021,2,Customers,Jaipur,Lv3_Visitors,"34,384"
2021,2,Customers,Jaipur,Lv1_Visitors,"36,280"
2021,2,Customers,Pune,Lv3_Visitors,"35,349"
2021,2,Customers,Pune,Lv2_Visitors,"33,203"
2021,2,Customers,Jaipur,Lv2_Visitors,"30,969"
2021,2,Customers,NCR,Lv3_Visitors,"27,143"
2021,2,Customers,Lucknow,Lv5_Visitors,"25,602"
2021,2,Customers,NCR,Lv1_Visitors,"25,692"
2021,2,Customers,NCR,Lv2_Visitors,"21,755"
2021,2,Customers,Jaipur,Lv4_Visitors,"20,731"
2021,2,Customers,Pune,Lv4_Visitors,"19,269"
2021,2,Customers,NCR,Lv4_Visitors,"17,263"
2021,2,Customers,Kochi,Lv1_Visitors,"17,551"
2021,2,Customers,Kochi,Lv3_Visitors,"16,553"
2021,2,Customers,Kochi,Lv2_Visitors,"15,915"
2021,2,Customers,Pune,Lv5_Visitors,"13,880"
2021,2,Customers,Jaipur,Lv5_Visitors,"11,972"
2021,2,Customers,NCR,Lv5_Visitors,"12,495"
2021,2,Customers,Kochi,Lv4_Visitors,"10,332"
2021,2,Customers,Kochi,Lv5_Visitors,"9,770"
2022,2,Customers,Unknown,Lv1_Visitors,"6,74,740"
2022,2,Customers,Unknown,Lv3_Visitors,"5,67,817"
2022,2,Customers,Unknown,Lv2_Visitors,"5,31,699"
2022,2,Customers,Unknown,Lv4_Visitors,"2,63,037"
2022,2,Customers,Lucknow,Lv1_Visitors,"1,19,996"
2022,2,Customers,Lucknow,Lv3_Visitors,"95,993"
2022,2,Customers,Lucknow,Lv2_Visitors,"88,376"
2022,2,Customers,Unknown,Lv5_Visitors,"74,931"
2022,2,Customers,Lucknow,Lv4_Visitors,"51,704"
2022,2,Customers,Pune,Lv1_Visitors,"46,828"
2022,2,Customers,Jaipur,Lv1_Visitors,"45,010"
2022,2,Customers,NCR,Lv1_Visitors,"42,925"
2022,2,Customers,NCR,Lv3_Visitors,"45,316"
2022,2,Customers,Pune,Lv2_Visitors,"39,047"
2022,2,Customers,Jaipur,Lv3_Visitors,"39,056"
2022,2,Customers,NCR,Lv2_Visitors,"38,203"
2022,2,Customers,Jaipur,Lv2_Visitors,"36,838"
2022,2,Customers,Pune,Lv3_Visitors,"37,730"
2022,2,Customers,NCR,Lv4_Visitors,"25,998"
2022,2,Customers,Jaipur,Lv4_Visitors,"24,121"
2022,2,Customers,Lucknow,Lv5_Visitors,"24,577"
2022,2,Customers,Pune,Lv4_Visitors,"21,819"
2022,2,Customers,Kochi,Lv1_Visitors,"17,616"
2022,2,Customers,Kochi,Lv3_Visitors,"17,698"
2022,2,Customers,Kochi,Lv2_Visitors,"15,956"
2022,2,Customers,NCR,Lv5_Visitors,"15,512"
2022,2,Customers,Pune,Lv5_Visitors,"16,301"
2022,2,Customers,Jaipur,Lv5_Visitors,"17,482"
2022,2,Customers,Kochi,Lv4_Visitors,"14,236"
2022,2,Customers,Kochi,Lv5_Visitors,"11,475"
2023,2,Customers,Unknown,Lv1_Visitors,"4,58,900"
2023,2,Customers,Unknown,Lv2_Visitors,"3,09,197"
2023,2,Customers,Unknown,Lv3_Visitors,"2,46,850"
2023,2,Customers,Lucknow,Lv1_Visitors,"1,15,595"
2023,2,Customers,Unknown,Lv4_Visitors,"92,184"
2023,2,Customers,Lucknow,Lv2_Visitors,"66,681"
2023,2,Customers,Lucknow,Lv3_Visitors,"58,021"
2023,2,Customers,Pune,Lv1_Visitors,"39,333"
2023,2,Customers,Jaipur,Lv1_Visitors,"36,951"
2023,2,Customers,Lucknow,Lv4_Visitors,"32,858"
2023,2,Customers,Unknown,Lv5_Visitors,"29,473"
2023,2,Customers,Pune,Lv2_Visitors,"31,120"
2023,2,Customers,NCR,Lv1_Visitors,"30,393"
2023,2,Customers,Jaipur,Lv2_Visitors,"26,919"
2023,2,Customers,NCR,Lv2_Visitors,"22,883"
2023,2,Customers,Pune,Lv3_Visitors,"23,812"
2023,2,Customers,NCR,Lv3_Visitors,"19,224"
2023,2,Customers,Jaipur,Lv3_Visitors,"20,307"
2023,2,Customers,Kochi,Lv1_Visitors,"16,947"
2023,2,Customers,Lucknow,Lv5_Visitors,"16,316"
2023,2,Customers,Kochi,Lv2_Visitors,"14,776"
2023,2,Customers,NCR,Lv4_Visitors,"13,587"
2023,2,Customers,Jaipur,Lv4_Visitors,"14,566"
2023,2,Customers,Pune,Lv4_Visitors,"14,844"
2023,2,Customers,Kochi,Lv3_Visitors,"14,620"
2023,2,Customers,Pune,Lv5_Visitors,"12,202"
2023,2,Customers,Kochi,Lv4_Visitors,"11,249"
2023,2,Customers,Jaipur,Lv5_Visitors,"11,882"
2023,2,Customers,NCR,Lv5_Visitors,"10,169"
2023,2,Customers,Kochi,Lv5_Visitors,"10,778"
